x,yPrime
-20,7.66068e-173
-19.99,1.14215e-172
-19.98,1.70253e-172
-19.97,2.53734e-172
-19.96,3.78072e-172
-19.95,5.63227e-172
-19.94,8.38891e-172
-19.93,1.24923e-171
-19.92,1.8599e-171
-19.91,2.76854e-171
-19.9,4.12027e-171
-19.89,6.13074e-171
-19.88,9.12039e-171
-19.87,1.35652e-170
-19.86,2.01722e-170
-19.85,2.99911e-170
-19.84,4.45806e-170
-19.83,6.62539e-170
-19.82,9.84442e-170
-19.81,1.46245e-169
-19.8,2.17213e-169
-19.79,3.22555e-169
-19.78,4.78889e-169
-19.77,7.10852e-169
-19.76,1.05496e-168
-19.75,1.56533e-168
-19.74,2.32214e-168
-19.73,3.44417e-168
-19.72,5.10733e-168
-19.71,7.57209e-168
-19.7,1.12241e-167
-19.69,1.66341e-167
-19.68,2.46468e-167
-19.67,3.65119e-167
-19.66,5.40781e-167
-19.65,8.00795e-167
-19.64,1.18559e-166
-19.63,1.75493e-166
-19.62,2.59717e-166
-19.61,3.84284e-166
-19.6,5.68484e-166
-19.59,8.40807e-166
-19.58,1.24333e-165
-19.57,1.8382e-165
-19.56,2.71712e-165
-19.55,4.0155e-165
-19.54,5.93313e-165
-19.53,8.76476e-165
-19.52,1.29452e-164
-19.51,1.91158e-164
-19.5,2.8222e-164
-19.49,4.16578e-164
-19.48,6.14778e-164
-19.47,9.07095e-164
-19.46,1.33814e-163
-19.45,1.97361e-163
-19.44,2.91028e-163
-19.43,4.29064e-163
-19.42,6.32444e-163
-19.41,9.3204e-163
-19.4,1.37328e-162
-19.39,2.02302e-162
-19.38,2.97955e-162
-19.37,4.38749e-162
-19.36,6.45943e-162
-19.35,9.50792e-162
-19.34,1.39923e-161
-19.33,2.05876e-161
-19.32,3.02856e-161
-19.31,4.4543e-161
-19.3,6.54992e-161
-19.29,9.62953e-161
-19.28,1.41543e-160
-19.27,2.08009e-160
-19.26,3.05626e-160
-19.25,4.48964e-160
-19.24,6.59396e-160
-19.23,9.68263e-160
-19.22,1.42152e-159
-19.21,2.08654e-159
-19.2,3.06206e-159
-19.19,4.49276e-159
-19.18,6.5906e-159
-19.17,9.66609e-159
-19.16,1.41739e-158
-19.15,2.07798e-158
-19.14,3.04583e-158
-19.13,4.46357e-158
-19.12,6.53993e-158
-19.11,9.58025e-158
-19.1,1.40312e-157
-19.09,2.05458e-157
-19.08,3.00792e-157
-19.07,4.40272e-157
-19.06,6.44303e-157
-19.05,9.42696e-157
-19.04,1.37901e-156
-19.03,2.01685e-156
-19.02,2.94914e-156
-19.01,4.3115e-156
-19,6.30196e-156
-18.99,9.20949e-156
-18.98,1.34558e-155
-18.97,1.9656e-155
-18.96,2.87073e-155
-18.95,4.19184e-155
-18.94,6.1197e-155
-18.93,8.9324e-155
-18.92,1.30352e-154
-18.91,1.90188e-154
-18.9,2.77434e-154
-18.89,4.04622e-154
-18.88,5.90001e-154
-18.87,8.6014e-154
-18.86,1.25371e-153
-18.85,1.82701e-153
-18.84,2.66192e-153
-18.83,3.87761e-153
-18.82,5.64735e-153
-18.81,8.22316e-153
-18.8,1.19714e-152
-18.79,1.74247e-152
-18.78,2.53571e-152
-18.77,3.68932e-152
-18.76,5.36667e-152
-18.75,7.80508e-152
-18.74,1.13491e-151
-18.73,1.64991e-151
-18.72,2.39813e-151
-18.71,3.48495e-151
-18.7,5.06331e-151
-18.69,7.35503e-151
-18.68,1.06819e-150
-18.67,1.55105e-150
-18.66,2.25172e-150
-18.65,3.26826e-150
-18.64,4.74277e-150
-18.63,6.88114e-150
-18.62,9.98164e-150
-18.61,1.44763e-149
-18.6,2.09906e-149
-18.59,3.04302e-149
-18.58,4.4106e-149
-18.57,6.39153e-149
-18.56,9.26028e-149
-18.55,1.3414e-148
-18.54,1.94269e-148
-18.53,2.81295e-148
-18.52,4.07224e-148
-18.51,5.8941e-148
-18.5,8.52934e-148
-18.49,1.23403e-147
-18.48,1.78505e-147
-18.47,2.58159e-147
-18.46,3.73281e-147
-18.45,5.39634e-147
-18.44,7.79964e-147
-18.43,1.1271e-146
-18.42,1.62842e-146
-18.41,2.35223e-146
-18.4,3.3971e-146
-18.39,4.90511e-146
-18.38,7.08113e-146
-18.37,1.02204e-145
-18.36,1.47486e-145
-18.35,2.12786e-145
-18.34,3.06936e-145
-18.33,4.42657e-145
-18.32,6.38262e-145
-18.31,9.20119e-145
-18.3,1.32618e-144
-18.29,1.91105e-144
-18.28,2.75332e-144
-18.27,3.96601e-144
-18.26,5.71168e-144
-18.25,8.22407e-144
-18.24,1.18392e-143
-18.23,1.70401e-143
-18.22,2.45208e-143
-18.21,3.52784e-143
-18.2,5.07455e-143
-18.19,7.29791e-143
-18.18,1.04933e-142
-18.17,1.50848e-142
-18.16,2.1681e-142
-18.15,3.11554e-142
-18.14,4.47609e-142
-18.13,6.42951e-142
-18.12,9.23358e-142
-18.11,1.32579e-141
-18.1,1.90324e-141
-18.09,2.73165e-141
-18.08,3.91984e-141
-18.07,5.62375e-141
-18.06,8.0667e-141
-18.05,1.15686e-140
-18.04,1.65873e-140
-18.03,2.37785e-140
-18.02,3.40806e-140
-18.01,4.88362e-140
-18,6.99665e-140
-17.99,1.00219e-139
-17.98,1.43524e-139
-17.97,2.05501e-139
-17.96,2.9418e-139
-17.95,4.21043e-139
-17.94,6.02494e-139
-17.93,8.6197e-139
-17.92,1.23295e-138
-17.91,1.76323e-138
-17.9,2.52109e-138
-17.89,3.60396e-138
-17.88,5.15091e-138
-17.87,7.36039e-138
-17.86,1.05155e-137
-17.85,1.50202e-137
-17.84,2.14502e-137
-17.83,3.06267e-137
-17.82,4.37203e-137
-17.81,6.23991e-137
-17.8,8.90402e-137
-17.79,1.2703e-136
-17.78,1.81193e-136
-17.77,2.58398e-136
-17.76,3.68426e-136
-17.75,5.25198e-136
-17.74,7.48531e-136
-17.73,1.06662e-135
-17.72,1.51957e-135
-17.71,2.16445e-135
-17.7,3.08237e-135
-17.69,4.38871e-135
-17.68,6.24742e-135
-17.67,8.89156e-135
-17.66,1.26523e-134
-17.65,1.8e-134
-17.64,2.56029e-134
-17.63,3.64098e-134
-17.62,5.17679e-134
-17.61,7.35894e-134
-17.6,1.04589e-133
-17.59,1.48616e-133
-17.58,2.11135e-133
-17.57,2.99894e-133
-17.56,4.2588e-133
-17.55,6.04674e-133
-17.54,8.58356e-133
-17.53,1.21822e-132
-17.52,1.72862e-132
-17.51,2.45236e-132
-17.5,3.47843e-132
-17.49,4.93281e-132
-17.48,6.99389e-132
-17.47,9.91417e-132
-17.46,1.4051e-131
-17.45,1.99099e-131
-17.44,2.82063e-131
-17.43,3.99517e-131
-17.42,5.65768e-131
-17.41,8.01039e-131
-17.4,1.13392e-130
-17.39,1.60481e-130
-17.38,2.27079e-130
-17.37,3.21251e-130
-17.36,4.54387e-130
-17.35,6.42568e-130
-17.34,9.085e-130
-17.33,1.28424e-129
-17.32,1.815e-129
-17.31,2.56462e-129
-17.3,3.6231e-129
-17.29,5.11743e-129
-17.28,7.22664e-129
-17.27,1.02031e-128
-17.26,1.44027e-128
-17.25,2.03267e-128
-17.24,2.86816e-128
-17.23,4.04625e-128
-17.22,5.7071e-128
-17.21,8.04805e-128
-17.2,1.13469e-127
-17.19,1.59949e-127
-17.18,2.25421e-127
-17.17,3.1763e-127
-17.16,4.47468e-127
-17.15,6.30254e-127
-17.14,8.87527e-127
-17.13,1.24957e-126
-17.12,1.75895e-126
-17.11,2.47547e-126
-17.1,3.48319e-126
-17.09,4.90013e-126
-17.08,6.89211e-126
-17.07,9.69191e-126
-17.06,1.36264e-125
-17.05,1.91541e-125
-17.04,2.6919e-125
-17.03,3.78241e-125
-17.02,5.31362e-125
-17.01,7.46321e-125
-17,1.04803e-124
-16.99,1.47141e-124
-16.98,2.06542e-124
-16.97,2.89865e-124
-16.96,4.06721e-124
-16.95,5.7057e-124
-16.94,8.00268e-124
-16.93,1.12221e-123
-16.92,1.57335e-123
-16.91,2.20542e-123
-16.9,3.09079e-123
-16.89,4.33073e-123
-16.88,6.06687e-123
-16.87,8.49732e-123
-16.86,1.1899e-122
-16.85,1.66592e-122
-16.84,2.33191e-122
-16.83,3.26347e-122
-16.82,4.56627e-122
-16.81,6.38788e-122
-16.8,8.93439e-122
-16.79,1.24935e-121
-16.78,1.7467e-121
-16.77,2.44155e-121
-16.76,3.41214e-121
-16.75,4.76759e-121
-16.74,6.66017e-121
-16.73,9.30216e-121
-16.72,1.29896e-120
-16.71,1.81351e-120
-16.7,2.53139e-120
-16.69,3.53272e-120
-16.68,4.92916e-120
-16.67,6.87622e-120
-16.66,9.59046e-120
-16.65,1.33734e-119
-16.64,1.86448e-119
-16.63,2.59888e-119
-16.62,3.62183e-119
-16.61,5.04642e-119
-16.6,7.02992e-119
-16.59,9.7911e-119
-16.58,1.36341e-118
-16.57,1.89815e-118
-16.56,2.64211e-118
-16.55,3.67692e-118
-16.54,5.11598e-118
-16.53,7.11685e-118
-16.52,9.89827e-118
-16.51,1.3764e-117
-16.5,1.91356e-117
-16.49,2.65982e-117
-16.48,3.69637e-117
-16.47,5.13584e-117
-16.46,7.13446e-117
-16.45,9.90885e-117
-16.44,1.37594e-116
-16.43,1.91024e-116
-16.42,2.65148e-116
-16.41,3.67962e-116
-16.4,5.1054e-116
-16.39,7.08223e-116
-16.38,9.82253e-116
-16.37,1.36204e-115
-16.36,1.88829e-115
-16.35,2.61735e-115
-16.34,3.62716e-115
-16.33,5.02556e-115
-16.32,6.9617e-115
-16.31,9.64183e-115
-16.3,1.33511e-114
-16.29,1.84836e-114
-16.28,2.55841e-114
-16.27,3.54051e-114
-16.26,4.89863e-114
-16.25,6.77636e-114
-16.24,9.37199e-114
-16.23,1.29592e-113
-16.22,1.7916e-113
-16.21,2.47636e-113
-16.2,3.42217e-113
-16.19,4.72826e-113
-16.18,6.53151e-113
-16.17,9.02069e-113
-16.16,1.2456e-112
-16.15,1.71961e-112
-16.14,2.37353e-112
-16.13,3.27546e-112
-16.12,4.51922e-112
-16.11,6.234e-112
-16.1,8.59772e-112
-16.09,1.18553e-111
-16.08,1.63439e-111
-16.07,2.25274e-111
-16.06,3.10441e-111
-16.05,4.27721e-111
-16.04,5.8919e-111
-16.03,8.11452e-111
-16.02,1.11733e-110
-16.01,1.53821e-110
-16,2.1172e-110
-15.99,2.91355e-110
-15.98,4.00861e-110
-15.97,5.51416e-110
-15.96,7.58364e-110
-15.95,1.04277e-109
-15.94,1.43355e-109
-15.93,1.97038e-109
-15.92,2.7077e-109
-15.91,3.72017e-109
-15.9,5.11021e-109
-15.89,7.01824e-109
-15.88,9.63674e-109
-15.87,1.32295e-108
-15.86,1.81582e-108
-15.85,2.4918e-108
-15.84,3.41875e-108
-15.83,4.68959e-108
-15.82,6.43153e-108
-15.81,8.81875e-108
-15.8,1.20896e-107
-15.79,1.65703e-107
-15.78,2.27072e-107
-15.77,3.11105e-107
-15.76,4.26153e-107
-15.75,5.83627e-107
-15.74,7.99133e-107
-15.73,1.094e-106
-15.72,1.49736e-106
-15.71,2.04903e-106
-15.7,2.80339e-106
-15.69,3.8347e-106
-15.68,5.24436e-106
-15.67,7.17078e-106
-15.66,9.80288e-106
-15.65,1.33984e-105
-15.64,1.83091e-105
-15.63,2.50146e-105
-15.62,3.4169e-105
-15.61,4.66643e-105
-15.6,6.37161e-105
-15.59,8.69816e-105
-15.58,1.18718e-104
-15.57,1.62003e-104
-15.56,2.21024e-104
-15.55,3.01487e-104
-15.54,4.11161e-104
-15.53,5.60619e-104
-15.52,7.64251e-104
-15.51,1.04164e-103
-15.5,1.41942e-103
-15.49,1.93384e-103
-15.48,2.63415e-103
-15.47,3.58735e-103
-15.46,4.8845e-103
-15.45,6.64936e-103
-15.44,9.05008e-103
-15.43,1.23151e-102
-15.42,1.67547e-102
-15.41,2.27901e-102
-15.4,3.09936e-102
-15.39,4.21414e-102
-15.38,5.72873e-102
-15.37,7.78613e-102
-15.36,1.05803e-101
-15.35,1.43743e-101
-15.34,1.95249e-101
-15.33,2.65157e-101
-15.32,3.60024e-101
-15.31,4.88734e-101
-15.3,6.63325e-101
-15.29,9.00104e-101
-15.28,1.22116e-100
-15.27,1.6564e-100
-15.26,2.24632e-100
-15.25,3.04572e-100
-15.24,4.12877e-100
-15.23,5.59584e-100
-15.22,7.58268e-100
-15.21,1.02729e-99
-15.2,1.39148e-99
-15.19,1.8844e-99
-15.18,2.55142e-99
-15.17,3.45386e-99
-15.16,4.67454e-99
-15.15,6.32539e-99
-15.14,8.55753e-99
-15.13,1.1575e-98
-15.12,1.56534e-98
-15.11,2.11646e-98
-15.1,2.86103e-98
-15.09,3.86677e-98
-15.08,5.225e-98
-15.07,7.05892e-98
-15.06,9.53461e-98
-15.05,1.2876e-97
-15.04,1.73849e-97
-15.03,2.34679e-97
-15.02,3.16731e-97
-15.01,4.27386e-97
-15,5.76584e-97
-14.99,7.77711e-97
-14.98,1.04878e-96
-14.97,1.41406e-96
-14.96,1.90617e-96
-14.95,2.56903e-96
-14.94,3.46169e-96
-14.93,4.6636e-96
-14.92,6.28156e-96
-14.91,8.45915e-96
-14.9,1.13893e-95
-14.89,1.53314e-95
-14.88,2.06339e-95
-14.87,2.77646e-95
-14.86,3.73521e-95
-14.85,5.02402e-95
-14.84,6.75618e-95
-14.83,9.08371e-95
-14.82,1.22107e-94
-14.81,1.64107e-94
-14.8,2.2051e-94
-14.79,2.96239e-94
-14.78,3.97896e-94
-14.77,5.3433e-94
-14.76,7.17402e-94
-14.75,9.63006e-94
-14.74,1.29243e-93
-14.73,1.7342e-93
-14.72,2.32651e-93
-14.71,3.12048e-93
-14.7,4.18459e-93
-14.69,5.61043e-93
-14.68,7.52061e-93
-14.67,1.00791e-92
-14.66,1.35053e-92
-14.65,1.80926e-92
-14.64,2.42331e-92
-14.63,3.24511e-92
-14.62,4.34474e-92
-14.61,5.81582e-92
-14.6,7.78343e-92
-14.59,1.04146e-91
-14.58,1.39325e-91
-14.57,1.8635e-91
-14.56,2.49196e-91
-14.55,3.3317e-91
-14.54,4.45352e-91
-14.53,5.95187e-91
-14.52,7.95275e-91
-14.51,1.06241e-90
-14.5,1.419e-90
-14.49,1.8949e-90
-14.48,2.52989e-90
-14.47,3.37698e-90
-14.46,4.50682e-90
-14.45,6.01346e-90
-14.44,8.02216e-90
-14.43,1.06997e-89
-14.42,1.4268e-89
-14.41,1.90226e-89
-14.4,2.53565e-89
-14.39,3.37925e-89
-14.38,4.50262e-89
-14.37,5.99822e-89
-14.36,7.98901e-89
-14.35,1.06384e-88
-14.34,1.41636e-88
-14.33,1.88531e-88
-14.32,2.50902e-88
-14.31,3.33841e-88
-14.3,4.44107e-88
-14.29,5.90675e-88
-14.28,7.85457e-88
-14.27,1.04426e-87
-14.26,1.38806e-87
-14.25,1.84468e-87
-14.24,2.45102e-87
-14.23,3.25601e-87
-14.22,4.32451e-87
-14.21,5.74251e-87
-14.2,7.62393e-87
-14.19,1.01197e-86
-14.18,1.34299e-86
-14.17,1.78192e-86
-14.16,2.36384e-86
-14.15,3.13516e-86
-14.14,4.15733e-86
-14.13,5.51166e-86
-14.12,7.30572e-86
-14.11,9.68181e-86
-14.1,1.28281e-85
-14.09,1.69935e-85
-14.08,2.25069e-85
-14.07,2.9803e-85
-14.06,3.94565e-85
-14.05,5.22264e-85
-14.04,6.91153e-85
-14.03,9.14473e-85
-14.02,1.20971e-84
-14.01,1.59994e-84
-14,2.11563e-84
-13.99,2.79697e-84
-13.98,3.697e-84
-13.97,4.88567e-84
-13.96,6.45523e-84
-13.95,8.52731e-84
-13.94,1.12623e-83
-13.93,1.48714e-83
-13.92,1.96332e-83
-13.91,2.59145e-83
-13.9,3.41986e-83
-13.89,4.51217e-83
-13.88,5.95219e-83
-13.87,7.85019e-83
-13.86,1.03513e-82
-13.85,1.36467e-82
-13.84,1.79874e-82
-13.83,2.37041e-82
-13.82,3.12315e-82
-13.81,4.11409e-82
-13.8,5.41836e-82
-13.79,7.13469e-82
-13.78,9.3928e-82
-13.77,1.23631e-81
-13.76,1.62695e-81
-13.75,2.14058e-81
-13.74,2.81581e-81
-13.73,3.70329e-81
-13.72,4.86951e-81
-13.71,6.40171e-81
-13.7,8.41432e-81
-13.69,1.10575e-80
-13.68,1.4528e-80
-13.67,1.90839e-80
-13.66,2.50635e-80
-13.65,3.29101e-80
-13.64,4.32046e-80
-13.63,5.67079e-80
-13.62,7.44166e-80
-13.61,9.76358e-80
-13.6,1.28074e-79
-13.59,1.67968e-79
-13.58,2.20244e-79
-13.57,2.88733e-79
-13.56,3.78442e-79
-13.55,4.95926e-79
-13.54,6.4975e-79
-13.53,8.51117e-79
-13.52,1.11467e-78
-13.51,1.45953e-78
-13.5,1.91071e-78
-13.49,2.50086e-78
-13.48,3.27262e-78
-13.47,4.2817e-78
-13.46,5.60078e-78
-13.45,7.32478e-78
-13.44,9.57753e-78
-13.43,1.25206e-77
-13.42,1.63648e-77
-13.41,2.13849e-77
-13.4,2.79394e-77
-13.39,3.64956e-77
-13.38,4.76625e-77
-13.37,6.22338e-77
-13.36,8.12434e-77
-13.35,1.06038e-76
-13.34,1.38373e-76
-13.33,1.80531e-76
-13.32,2.35486e-76
-13.31,3.07108e-76
-13.3,4.00434e-76
-13.29,5.22015e-76
-13.28,6.80375e-76
-13.27,8.86597e-76
-13.26,1.15509e-75
-13.25,1.5046e-75
-13.24,1.95947e-75
-13.23,2.55133e-75
-13.22,3.32131e-75
-13.21,4.3228e-75
-13.2,5.62514e-75
-13.19,7.31837e-75
-13.18,9.51938e-75
-13.17,1.23799e-74
-13.16,1.60966e-74
-13.15,2.09251e-74
-13.14,2.71966e-74
-13.13,3.53405e-74
-13.12,4.59139e-74
-13.11,5.96387e-74
-13.1,7.74507e-74
-13.09,1.00562e-73
-13.08,1.30544e-73
-13.07,1.69431e-73
-13.06,2.19858e-73
-13.05,2.85236e-73
-13.04,3.69981e-73
-13.03,4.79807e-73
-13.02,6.22109e-73
-13.01,8.06454e-73
-13,1.04522e-72
-12.99,1.35439e-72
-12.98,1.75467e-72
-12.97,2.2728e-72
-12.96,2.94333e-72
-12.95,3.81092e-72
-12.94,4.93325e-72
-12.93,6.38482e-72
-12.92,8.26187e-72
-12.91,1.06886e-71
-12.9,1.38253e-71
-12.89,1.7879e-71
-12.88,2.31166e-71
-12.87,2.98825e-71
-12.86,3.8621e-71
-12.85,4.99048e-71
-12.84,6.44725e-71
-12.83,8.3276e-71
-12.82,1.07542e-70
-12.81,1.38851e-70
-12.8,1.79239e-70
-12.79,2.31328e-70
-12.78,2.98496e-70
-12.77,3.85088e-70
-12.76,4.96701e-70
-12.75,6.40536e-70
-12.74,8.25856e-70
-12.73,1.06458e-69
-12.72,1.37203e-69
-12.71,1.76793e-69
-12.7,2.2776e-69
-12.69,2.93361e-69
-12.68,3.77781e-69
-12.67,4.86397e-69
-12.66,6.26116e-69
-12.65,8.05808e-69
-12.64,1.03686e-68
-12.63,1.3339e-68
-12.62,1.71569e-68
-12.61,2.20631e-68
-12.6,2.83667e-68
-12.59,3.64639e-68
-12.58,4.68629e-68
-12.57,6.02156e-68
-12.56,7.73574e-68
-12.55,9.9359e-68
-12.54,1.27593e-67
-12.53,1.63816e-67
-12.52,2.10281e-67
-12.51,2.69872e-67
-12.5,3.4628e-67
-12.49,4.44232e-67
-12.48,5.69778e-67
-12.47,7.30657e-67
-12.46,9.36774e-67
-12.45,1.2008e-66
-12.44,1.53892e-66
-12.43,1.97186e-66
-12.42,2.52609e-66
-12.41,3.23544e-66
-12.4,4.14316e-66
-12.39,5.30449e-66
-12.38,6.78996e-66
-12.37,8.68969e-66
-12.36,1.11187e-65
-12.35,1.42238e-65
-12.34,1.81925e-65
-12.33,2.32638e-65
-12.32,2.97428e-65
-12.31,3.80186e-65
-12.3,4.85873e-65
-12.29,6.20816e-65
-12.28,7.93077e-65
-12.27,1.01293e-64
-12.26,1.29348e-64
-12.25,1.65139e-64
-12.24,2.10792e-64
-12.23,2.69012e-64
-12.22,3.43243e-64
-12.21,4.37868e-64
-12.2,5.58469e-64
-12.19,7.12143e-64
-12.18,9.07922e-64
-12.17,1.15729e-63
-12.16,1.47486e-63
-12.15,1.87918e-63
-12.14,2.39388e-63
-12.13,3.04893e-63
-12.12,3.88244e-63
-12.11,4.94284e-63
-12.1,6.29159e-63
-12.09,8.00676e-63
-12.08,1.01875e-62
-12.07,1.29595e-62
-12.06,1.64825e-62
-12.05,2.09591e-62
-12.04,2.66461e-62
-12.03,3.38694e-62
-12.02,4.30422e-62
-12.01,5.46882e-62
-12,6.94714e-62
-11.99,8.8233e-62
-11.98,1.12039e-61
-11.97,1.42239e-61
-11.96,1.80544e-61
-11.95,2.29118e-61
-11.94,2.90703e-61
-11.93,3.68767e-61
-11.92,4.67699e-61
-11.91,5.93055e-61
-11.9,7.51857e-61
-11.89,9.52991e-61
-11.88,1.20769e-60
-11.87,1.53015e-60
-11.86,1.93832e-60
-11.85,2.45489e-60
-11.84,3.10849e-60
-11.83,3.93532e-60
-11.82,4.98108e-60
-11.81,6.30346e-60
-11.8,7.97532e-60
-11.79,1.00886e-59
-11.78,1.27592e-59
-11.77,1.61336e-59
-11.76,2.03964e-59
-11.75,2.57802e-59
-11.74,3.25786e-59
-11.73,4.11615e-59
-11.72,5.19951e-59
-11.71,6.5667e-59
-11.7,8.29171e-59
-11.69,1.04678e-58
-11.68,1.32123e-58
-11.67,1.6673e-58
-11.66,2.10359e-58
-11.65,2.65352e-58
-11.64,3.34655e-58
-11.63,4.21973e-58
-11.62,5.31966e-58
-11.61,6.70497e-58
-11.6,8.44933e-58
-11.59,1.06454e-57
-11.58,1.34095e-57
-11.57,1.68879e-57
-11.56,2.12644e-57
-11.55,2.67696e-57
-11.54,3.36934e-57
-11.53,4.23994e-57
-11.52,5.33443e-57
-11.51,6.7101e-57
-11.5,8.43884e-57
-11.49,1.06108e-56
-11.48,1.33392e-56
-11.47,1.67657e-56
-11.46,2.10681e-56
-11.45,2.64693e-56
-11.44,3.32486e-56
-11.43,4.17558e-56
-11.42,5.24292e-56
-11.41,6.58176e-56
-11.4,8.26084e-56
-11.39,1.03662e-55
-11.38,1.30055e-55
-11.37,1.63135e-55
-11.36,2.04588e-55
-11.35,2.56522e-55
-11.34,3.21576e-55
-11.33,4.03046e-55
-11.32,5.05056e-55
-11.31,6.32756e-55
-11.3,7.92585e-55
-11.29,9.92587e-55
-11.28,1.24281e-54
-11.27,1.55579e-54
-11.26,1.94721e-54
-11.25,2.43662e-54
-11.24,3.04841e-54
-11.23,3.81306e-54
-11.22,4.76854e-54
-11.21,5.96225e-54
-11.2,7.45329e-54
-11.19,9.31534e-54
-11.18,1.16402e-53
-11.17,1.45425e-53
-11.16,1.81647e-53
-11.15,2.26845e-53
-11.14,2.83233e-53
-11.13,3.53566e-53
-11.12,4.41277e-53
-11.11,5.50635e-53
-11.1,6.86957e-53
-11.09,8.56857e-53
-11.08,1.06856e-52
-11.07,1.33231e-52
-11.06,1.66081e-52
-11.05,2.0699e-52
-11.04,2.57925e-52
-11.03,3.21328e-52
-11.02,4.00236e-52
-11.01,4.98422e-52
-11,6.20569e-52
-10.99,7.72497e-52
-10.98,9.61426e-52
-10.97,1.19632e-51
-10.96,1.48831e-51
-10.95,1.85119e-51
-10.94,2.30208e-51
-10.93,2.86222e-51
-10.92,3.55794e-51
-10.91,4.42189e-51
-10.9,5.49451e-51
-10.89,6.82595e-51
-10.88,8.47833e-51
-10.87,1.05286e-50
-10.86,1.3072e-50
-10.85,1.62266e-50
-10.84,2.01384e-50
-10.83,2.49883e-50
-10.82,3.09999e-50
-10.81,3.845e-50
-10.8,4.7681e-50
-10.79,5.91163e-50
-10.78,7.32794e-50
-10.77,9.08174e-50
-10.76,1.1253e-49
-10.75,1.39406e-49
-10.74,1.72667e-49
-10.73,2.13819e-49
-10.72,2.64727e-49
-10.71,3.27689e-49
-10.7,4.05545e-49
-10.69,5.01797e-49
-10.68,6.20769e-49
-10.67,7.67795e-49
-10.66,9.49452e-49
-10.65,1.17385e-48
-10.64,1.451e-48
-10.63,1.79322e-48
-10.62,2.21571e-48
-10.61,2.73718e-48
-10.6,3.38071e-48
-10.59,4.1747e-48
-10.58,5.15412e-48
-10.57,6.36206e-48
-10.56,7.8515e-48
-10.55,9.6877e-48
-10.54,1.19509e-47
-10.53,1.47399e-47
-10.52,1.81761e-47
-10.51,2.24089e-47
-10.5,2.76218e-47
-10.49,3.40406e-47
-10.48,4.19425e-47
-10.47,5.16684e-47
-10.46,6.36367e-47
-10.45,7.83616e-47
-10.44,9.64743e-47
-10.43,1.1875e-46
-10.42,1.46139e-46
-10.41,1.7981e-46
-10.4,2.21193e-46
-10.39,2.72047e-46
-10.38,3.34525e-46
-10.37,4.11269e-46
-10.36,5.05518e-46
-10.35,6.2124e-46
-10.34,7.633e-46
-10.33,9.37657e-46
-10.32,1.15161e-45
-10.31,1.4141e-45
-10.3,1.73606e-45
-10.29,2.13091e-45
-10.28,2.61503e-45
-10.27,3.2085e-45
-10.26,3.93586e-45
-10.25,4.82714e-45
-10.24,5.91906e-45
-10.23,7.25652e-45
-10.22,8.89441e-45
-10.21,1.08998e-44
-10.2,1.33546e-44
-10.19,1.63591e-44
-10.18,2.00354e-44
-10.17,2.4533e-44
-10.16,3.00341e-44
-10.15,3.67615e-44
-10.14,4.49866e-44
-10.13,5.5041e-44
-10.12,6.73289e-44
-10.11,8.23437e-44
-10.1,1.00687e-43
-10.09,1.23091e-43
-10.08,1.5045e-43
-10.07,1.83853e-43
-10.06,2.24628e-43
-10.05,2.7439e-43
-10.04,3.35108e-43
-10.03,4.09181e-43
-10.02,4.99526e-43
-10.01,6.09696e-43
-10,7.44015e-43
-9.99,9.07743e-43
-9.98,1.10728e-42
-9.97,1.3504e-42
-9.96,1.64658e-42
-9.95,2.00731e-42
-9.94,2.44657e-42
-9.93,2.98137e-42
-9.92,3.63233e-42
-9.91,4.42454e-42
-9.9,5.38844e-42
-9.89,6.56101e-42
-9.88,7.98715e-42
-9.87,9.72132e-42
-9.86,1.18296e-41
-9.85,1.43923e-41
-9.84,1.75066e-41
-9.83,2.12905e-41
-9.82,2.5887e-41
-9.81,3.14696e-41
-9.8,3.82485e-41
-9.79,4.64782e-41
-9.78,5.64672e-41
-9.77,6.85894e-41
-9.76,8.32971e-41
-9.75,1.01138e-40
-9.74,1.22776e-40
-9.73,1.49013e-40
-9.72,1.80821e-40
-9.71,2.19374e-40
-9.7,2.66093e-40
-9.69,3.22698e-40
-9.68,3.91264e-40
-9.67,4.74304e-40
-9.66,5.74853e-40
-9.65,6.96577e-40
-9.64,8.43907e-40
-9.63,1.02219e-39
-9.62,1.23789e-39
-9.61,1.49881e-39
-9.6,1.81435e-39
-9.59,2.19589e-39
-9.58,2.65712e-39
-9.57,3.21459e-39
-9.56,3.88823e-39
-9.55,4.70209e-39
-9.54,5.68516e-39
-9.53,6.87238e-39
-9.52,8.30585e-39
-9.51,1.00363e-38
-9.5,1.21249e-38
-9.49,1.46451e-38
-9.48,1.76856e-38
-9.47,2.13531e-38
-9.46,2.57759e-38
-9.45,3.11085e-38
-9.44,3.75368e-38
-9.43,4.52844e-38
-9.42,5.462e-38
-9.41,6.58671e-38
-9.4,7.94141e-38
-9.39,9.5728e-38
-9.38,1.1537e-37
-9.37,1.39015e-37
-9.36,1.67471e-37
-9.35,2.01712e-37
-9.34,2.42905e-37
-9.33,2.92452e-37
-9.32,3.52034e-37
-9.31,4.2367e-37
-9.3,5.0978e-37
-9.29,6.13269e-37
-9.28,7.37619e-37
-9.27,8.87004e-37
-9.26,1.06643e-36
-9.25,1.28189e-36
-9.24,1.54057e-36
-9.23,1.85108e-36
-9.22,2.22373e-36
-9.21,2.67086e-36
-9.2,3.20725e-36
-9.19,3.85059e-36
-9.18,4.62205e-36
-9.17,5.54695e-36
-9.16,6.65559e-36
-9.15,7.9842e-36
-9.14,9.5761e-36
-9.13,1.14831e-35
-9.12,1.37671e-35
-9.11,1.6502e-35
-9.1,1.97763e-35
-9.09,2.36955e-35
-9.08,2.83857e-35
-9.07,3.39974e-35
-9.06,4.07102e-35
-9.05,4.87388e-35
-9.04,5.83389e-35
-9.03,6.9816e-35
-9.02,8.35341e-35
-9.01,9.99276e-35
-9,1.19514e-34
-8.99,1.42911e-34
-8.98,1.70854e-34
-8.97,2.0422e-34
-8.96,2.44052e-34
-8.95,2.91594e-34
-8.94,3.48329e-34
-8.93,4.16017e-34
-8.92,4.9676e-34
-8.91,5.93054e-34
-8.9,7.07871e-34
-8.89,8.44747e-34
-8.88,1.00789e-33
-8.87,1.20229e-33
-8.86,1.43391e-33
-8.85,1.70979e-33
-8.84,2.03835e-33
-8.83,2.42956e-33
-8.82,2.89527e-33
-8.81,3.44955e-33
-8.8,4.10911e-33
-8.79,4.8938e-33
-8.78,5.82717e-33
-8.77,6.93716e-33
-8.76,8.25692e-33
-8.75,9.82577e-33
-8.74,1.16904e-32
-8.73,1.3906e-32
-8.72,1.65382e-32
-8.71,1.96647e-32
-8.7,2.33776e-32
-8.69,2.77859e-32
-8.68,3.30188e-32
-8.67,3.92293e-32
-8.66,4.65986e-32
-8.65,5.5341e-32
-8.64,6.57104e-32
-8.63,7.80071e-32
-8.62,9.25862e-32
-8.61,1.09868e-31
-8.6,1.30349e-31
-8.59,1.54617e-31
-8.58,1.83367e-31
-8.57,2.17418e-31
-8.56,2.57741e-31
-8.55,3.05481e-31
-8.54,3.6199e-31
-8.53,4.28866e-31
-8.52,5.07995e-31
-8.51,6.01603e-31
-8.5,7.12316e-31
-8.49,8.43234e-31
-8.48,9.98012e-31
-8.47,1.18096e-30
-8.46,1.39717e-30
-8.45,1.65263e-30
-8.44,1.9544e-30
-8.43,2.31081e-30
-8.42,2.73166e-30
-8.41,3.22851e-30
-8.4,3.81497e-30
-8.39,4.50704e-30
-8.38,5.32359e-30
-8.37,6.28681e-30
-8.36,7.42282e-30
-8.35,8.76233e-30
-8.34,1.03415e-29
-8.33,1.22028e-29
-8.32,1.43962e-29
-8.31,1.69804e-29
-8.3,2.00245e-29
-8.29,2.36095e-29
-8.28,2.78308e-29
-8.27,3.28002e-29
-8.26,3.86491e-29
-8.25,4.55319e-29
-8.24,5.36296e-29
-8.23,6.31546e-29
-8.22,7.43564e-29
-8.21,8.75275e-29
-8.2,1.03011e-28
-8.19,1.21209e-28
-8.18,1.42593e-28
-8.17,1.67715e-28
-8.16,1.97225e-28
-8.15,2.3188e-28
-8.14,2.72569e-28
-8.13,3.20333e-28
-8.12,3.76392e-28
-8.11,4.42172e-28
-8.1,5.19343e-28
-8.09,6.0986e-28
-8.08,7.16008e-28
-8.07,8.40463e-28
-8.06,9.86352e-28
-8.05,1.15733e-27
-8.04,1.35768e-27
-8.03,1.59238e-27
-8.02,1.86728e-27
-8.01,2.1892e-27
-8,2.5661e-27
-7.99,3.00728e-27
-7.98,3.5236e-27
-7.97,4.12774e-27
-7.96,4.83448e-27
-7.95,5.66109e-27
-7.94,6.6277e-27
-7.93,7.75779e-27
-7.92,9.07874e-27
-7.91,1.06225e-26
-7.9,1.24262e-26
-7.89,1.45333e-26
-7.88,1.69942e-26
-7.87,1.98678e-26
-7.86,2.32227e-26
-7.85,2.71386e-26
-7.84,3.17085e-26
-7.83,3.70403e-26
-7.82,4.326e-26
-7.81,5.0514e-26
-7.8,5.89723e-26
-7.79,6.88332e-26
-7.78,8.03266e-26
-7.77,9.37203e-26
-7.76,1.09325e-25
-7.75,1.27503e-25
-7.74,1.48673e-25
-7.73,1.73322e-25
-7.72,2.02018e-25
-7.71,2.35418e-25
-7.7,2.74284e-25
-7.69,3.19503e-25
-7.68,3.72101e-25
-7.67,4.3327e-25
-7.66,5.04393e-25
-7.65,5.87074e-25
-7.64,6.83169e-25
-7.63,7.94833e-25
-7.62,9.24563e-25
-7.61,1.07525e-24
-7.6,1.25024e-24
-7.59,1.45342e-24
-7.58,1.68928e-24
-7.57,1.96302e-24
-7.56,2.28065e-24
-7.55,2.64915e-24
-7.54,3.07656e-24
-7.53,3.57221e-24
-7.52,4.14688e-24
-7.51,4.81302e-24
-7.5,5.58504e-24
-7.49,6.4796e-24
-7.48,7.51591e-24
-7.47,8.71621e-24
-7.46,1.01062e-23
-7.45,1.17154e-23
-7.44,1.35781e-23
-7.43,1.57339e-23
-7.42,1.82282e-23
-7.41,2.11137e-23
-7.4,2.4451e-23
-7.39,2.83101e-23
-7.38,3.27716e-23
-7.37,3.79287e-23
-7.36,4.38884e-23
-7.35,5.07743e-23
-7.34,5.87287e-23
-7.33,6.79155e-23
-7.32,7.85236e-23
-7.31,9.07703e-23
-7.3,1.04906e-22
-7.29,1.21218e-22
-7.28,1.40039e-22
-7.27,1.61749e-22
-7.26,1.86787e-22
-7.25,2.15657e-22
-7.24,2.4894e-22
-7.23,2.873e-22
-7.22,3.31505e-22
-7.21,3.82435e-22
-7.2,4.41099e-22
-7.19,5.0866e-22
-7.18,5.86451e-22
-7.17,6.76001e-22
-7.16,7.79069e-22
-7.15,8.97669e-22
-7.14,1.03412e-21
-7.13,1.19106e-21
-7.12,1.37155e-21
-7.11,1.57907e-21
-7.1,1.81762e-21
-7.09,2.09179e-21
-7.08,2.40682e-21
-7.07,2.76875e-21
-7.06,3.18445e-21
-7.05,3.66183e-21
-7.04,4.20991e-21
-7.03,4.83906e-21
-7.02,5.56111e-21
-7.01,6.3896e-21
-7,7.34004e-21
-6.99,8.43015e-21
-6.98,9.6802e-21
-6.97,1.11134e-20
-6.96,1.27562e-20
-6.95,1.46388e-20
-6.94,1.67959e-20
-6.93,1.9267e-20
-6.92,2.20972e-20
-6.91,2.5338e-20
-6.9,2.90482e-20
-6.89,3.32949e-20
-6.88,3.81548e-20
-6.87,4.37153e-20
-6.86,5.0076e-20
-6.85,5.73506e-20
-6.84,6.56687e-20
-6.83,7.5178e-20
-6.82,8.6047e-20
-6.81,9.84675e-20
-6.8,1.12658e-19
-6.79,1.28868e-19
-6.78,1.4738e-19
-6.77,1.68517e-19
-6.76,1.92647e-19
-6.75,2.20187e-19
-6.74,2.51613e-19
-6.73,2.87467e-19
-6.72,3.28364e-19
-6.71,3.75003e-19
-6.7,4.28179e-19
-6.69,4.88797e-19
-6.68,5.57885e-19
-6.67,6.36608e-19
-6.66,7.26293e-19
-6.65,8.28445e-19
-6.64,9.44774e-19
-6.63,1.07722e-18
-6.62,1.22798e-18
-6.61,1.39957e-18
-6.6,1.5948e-18
-6.59,1.8169e-18
-6.58,2.06951e-18
-6.57,2.35677e-18
-6.56,2.68336e-18
-6.55,3.05459e-18
-6.54,3.47647e-18
-6.53,3.95581e-18
-6.52,4.50034e-18
-6.51,5.11879e-18
-6.5,5.82105e-18
-6.49,6.61832e-18
-6.48,7.52326e-18
-6.47,8.5502e-18
-6.46,9.71536e-18
-6.45,1.10371e-17
-6.44,1.2536e-17
-6.43,1.42357e-17
-6.42,1.61626e-17
-6.41,1.83465e-17
-6.4,2.08213e-17
-6.39,2.36252e-17
-6.38,2.68012e-17
-6.37,3.0398e-17
-6.36,3.44706e-17
-6.35,3.90809e-17
-6.34,4.42988e-17
-6.33,5.02032e-17
-6.32,5.68831e-17
-6.31,6.44387e-17
-6.3,7.29831e-17
-6.29,8.26438e-17
-6.28,9.35643e-17
-6.27,1.05906e-16
-6.26,1.19852e-16
-6.25,1.35607e-16
-6.24,1.53402e-16
-6.23,1.73496e-16
-6.22,1.96183e-16
-6.21,2.21792e-16
-6.2,2.50693e-16
-6.19,2.83302e-16
-6.18,3.20088e-16
-6.17,3.61578e-16
-6.16,4.08363e-16
-6.15,4.61107e-16
-6.14,5.20559e-16
-6.13,5.87557e-16
-6.12,6.63044e-16
-6.11,7.48077e-16
-6.1,8.43844e-16
-6.09,9.51678e-16
-6.08,1.07307e-15
-6.07,1.20971e-15
-6.06,1.36347e-15
-6.05,1.53646e-15
-6.04,1.73105e-15
-6.03,1.94989e-15
-6.02,2.19594e-15
-6.01,2.47255e-15
-6,2.78343e-15
-5.99,3.13276e-15
-5.98,3.52522e-15
-5.97,3.96605e-15
-5.96,4.46109e-15
-5.95,5.01691e-15
-5.94,5.64084e-15
-5.93,6.34107e-15
-5.92,7.12678e-15
-5.91,8.00823e-15
-5.9,8.99686e-15
-5.89,1.01055e-14
-5.88,1.13484e-14
-5.87,1.27417e-14
-5.86,1.43031e-14
-5.85,1.60525e-14
-5.84,1.80123e-14
-5.83,2.02072e-14
-5.82,2.2665e-14
-5.81,2.54166e-14
-5.8,2.84965e-14
-5.79,3.19431e-14
-5.78,3.57993e-14
-5.77,4.01128e-14
-5.76,4.4937e-14
-5.75,5.03311e-14
-5.74,5.63613e-14
-5.73,6.31012e-14
-5.72,7.06326e-14
-5.71,7.9047e-14
-5.7,8.84458e-14
-5.69,9.8942e-14
-5.68,1.10661e-13
-5.67,1.23744e-13
-5.66,1.38345e-13
-5.65,1.54637e-13
-5.64,1.72813e-13
-5.63,1.93085e-13
-5.62,2.15693e-13
-5.61,2.40898e-13
-5.6,2.68994e-13
-5.59,3.00306e-13
-5.58,3.35195e-13
-5.57,3.74061e-13
-5.56,4.17349e-13
-5.55,4.65551e-13
-5.54,5.19215e-13
-5.53,5.78947e-13
-5.52,6.4542e-13
-5.51,7.19379e-13
-5.5,8.0165e-13
-5.49,8.93148e-13
-5.48,9.94887e-13
-5.47,1.10799e-12
-5.46,1.2337e-12
-5.45,1.37339e-12
-5.44,1.52859e-12
-5.43,1.70098e-12
-5.42,1.89243e-12
-5.41,2.105e-12
-5.4,2.34097e-12
-5.39,2.60287e-12
-5.38,2.89347e-12
-5.37,3.21586e-12
-5.36,3.57345e-12
-5.35,3.97e-12
-5.34,4.40964e-12
-5.33,4.89698e-12
-5.32,5.43708e-12
-5.31,6.03551e-12
-5.3,6.69844e-12
-5.29,7.43268e-12
-5.28,8.24572e-12
-5.27,9.14584e-12
-5.26,1.01421e-11
-5.25,1.12447e-11
-5.24,1.24646e-11
-5.23,1.3814e-11
-5.22,1.53063e-11
-5.21,1.69564e-11
-5.2,1.87806e-11
-5.19,2.07969e-11
-5.18,2.30248e-11
-5.17,2.54863e-11
-5.16,2.82052e-11
-5.15,3.12077e-11
-5.14,3.45228e-11
-5.13,3.81824e-11
-5.12,4.22212e-11
-5.11,4.66778e-11
-5.1,5.15942e-11
-5.09,5.70168e-11
-5.08,6.29965e-11
-5.07,6.95892e-11
-5.06,7.68561e-11
-5.05,8.48646e-11
-5.04,9.36884e-11
-5.03,1.03409e-10
-5.02,1.14114e-10
-5.01,1.25902e-10
-5,1.38879e-10
-4.99,1.53163e-10
-4.98,1.68882e-10
-4.97,1.86175e-10
-4.96,2.05198e-10
-4.95,2.26118e-10
-4.94,2.4912e-10
-4.93,2.74406e-10
-4.92,3.02196e-10
-4.91,3.32734e-10
-4.9,3.66282e-10
-4.89,4.03131e-10
-4.88,4.43596e-10
-4.87,4.88023e-10
-4.86,5.3679e-10
-4.85,5.9031e-10
-4.84,6.49033e-10
-4.83,7.13452e-10
-4.82,7.84104e-10
-4.81,8.61578e-10
-4.8,9.46513e-10
-4.79,1.03961e-09
-4.78,1.14163e-09
-4.77,1.2534e-09
-4.76,1.37583e-09
-4.75,1.50992e-09
-4.74,1.65674e-09
-4.73,1.81746e-09
-4.72,1.99336e-09
-4.71,2.18584e-09
-4.7,2.39642e-09
-4.69,2.62675e-09
-4.68,2.87862e-09
-4.67,3.154e-09
-4.66,3.45502e-09
-4.65,3.78399e-09
-4.64,4.14344e-09
-4.63,4.53611e-09
-4.62,4.96497e-09
-4.61,5.43327e-09
-4.6,5.94452e-09
-4.59,6.50254e-09
-4.58,7.11149e-09
-4.57,7.77588e-09
-4.56,8.50059e-09
-4.55,9.29094e-09
-4.54,1.01527e-08
-4.53,1.10921e-08
-4.52,1.2116e-08
-4.51,1.32316e-08
-4.5,1.44471e-08
-4.49,1.57709e-08
-4.48,1.72125e-08
-4.47,1.8782e-08
-4.46,2.04905e-08
-4.45,2.23498e-08
-4.44,2.43728e-08
-4.43,2.65735e-08
-4.42,2.89669e-08
-4.41,3.15694e-08
-4.4,3.43987e-08
-4.39,3.74738e-08
-4.38,4.08155e-08
-4.37,4.4446e-08
-4.36,4.83896e-08
-4.35,5.26723e-08
-4.34,5.73222e-08
-4.33,6.23698e-08
-4.32,6.78479e-08
-4.31,7.3792e-08
-4.3,8.02405e-08
-4.29,8.72345e-08
-4.28,9.48186e-08
-4.27,1.03041e-07
-4.26,1.11953e-07
-4.25,1.21612e-07
-4.24,1.32076e-07
-4.23,1.43411e-07
-4.22,1.55687e-07
-4.21,1.68979e-07
-4.2,1.83368e-07
-4.19,1.98942e-07
-4.18,2.15794e-07
-4.17,2.34025e-07
-4.16,2.53745e-07
-4.15,2.75069e-07
-4.14,2.98124e-07
-4.13,3.23045e-07
-4.12,3.49977e-07
-4.11,3.79076e-07
-4.1,4.1051e-07
-4.09,4.44459e-07
-4.08,4.81117e-07
-4.07,5.20691e-07
-4.06,5.63403e-07
-4.05,6.09494e-07
-4.04,6.5922e-07
-4.03,7.12856e-07
-4.02,7.70697e-07
-4.01,8.33059e-07
-4,9.00281e-07
-3.99,9.72728e-07
-3.98,1.05079e-06
-3.97,1.13488e-06
-3.96,1.22544e-06
-3.95,1.32296e-06
-3.94,1.42795e-06
-3.93,1.54095e-06
-3.92,1.66254e-06
-3.91,1.79337e-06
-3.9,1.93408e-06
-3.89,2.08541e-06
-3.88,2.24812e-06
-3.87,2.42301e-06
-3.86,2.61098e-06
-3.85,2.81294e-06
-3.84,3.0299e-06
-3.83,3.26292e-06
-3.82,3.51313e-06
-3.81,3.78175e-06
-3.8,4.07006e-06
-3.79,4.37945e-06
-3.78,4.71138e-06
-3.77,5.06742e-06
-3.76,5.44924e-06
-3.75,5.85862e-06
-3.74,6.29744e-06
-3.73,6.76773e-06
-3.72,7.27164e-06
-3.71,7.81144e-06
-3.7,8.38958e-06
-3.69,9.00864e-06
-3.68,9.67137e-06
-3.67,1.03807e-05
-3.66,1.11398e-05
-3.65,1.19518e-05
-3.64,1.28204e-05
-3.63,1.37493e-05
-3.62,1.47425e-05
-3.61,1.5804e-05
-3.6,1.69385e-05
-3.59,1.81507e-05
-3.58,1.94456e-05
-3.57,2.08285e-05
-3.56,2.23052e-05
-3.55,2.38815e-05
-3.54,2.5564e-05
-3.53,2.73593e-05
-3.52,2.92746e-05
-3.51,3.13174e-05
-3.5,3.34958e-05
-3.49,3.58183e-05
-3.48,3.82939e-05
-3.47,4.0932e-05
-3.46,4.37428e-05
-3.45,4.67368e-05
-3.44,4.99254e-05
-3.43,5.33203e-05
-3.42,5.69343e-05
-3.41,6.07806e-05
-3.4,6.48731e-05
-3.39,6.92268e-05
-3.38,7.38572e-05
-3.37,7.87809e-05
-3.36,8.40153e-05
-3.35,8.95787e-05
-3.34,9.54907e-05
-3.33,0.000101771
-3.32,0.000108443
-3.31,0.000115527
-3.3,0.000123049
-3.29,0.000131032
-3.28,0.000139505
-3.27,0.000148494
-3.26,0.00015803
-3.25,0.000168143
-3.24,0.000178865
-3.23,0.000190231
-3.22,0.000202277
-3.21,0.000215041
-3.2,0.000228562
-3.19,0.000242883
-3.18,0.000258046
-3.17,0.000274099
-3.16,0.000291089
-3.15,0.000309068
-3.14,0.000328088
-3.13,0.000348205
-3.12,0.000369478
-3.11,0.000391968
-3.1,0.00041574
-3.09,0.000440861
-3.08,0.000467401
-3.07,0.000495435
-3.06,0.000525039
-3.05,0.000556295
-3.04,0.000589288
-3.03,0.000624106
-3.02,0.000660842
-3.01,0.000699592
-3,0.000740459
-2.99,0.000783547
-2.98,0.000828968
-2.97,0.000876836
-2.96,0.000927272
-2.95,0.000980402
-2.94,0.00103636
-2.93,0.00109527
-2.92,0.0011573
-2.91,0.00122257
-2.9,0.00129125
-2.89,0.00136351
-2.88,0.0014395
-2.87,0.0015194
-2.86,0.0016034
-2.85,0.00169168
-2.84,0.00178444
-2.83,0.00188189
-2.82,0.00198425
-2.81,0.00209172
-2.8,0.00220455
-2.79,0.00232296
-2.78,0.00244722
-2.77,0.00257758
-2.76,0.0027143
-2.75,0.00285766
-2.74,0.00300795
-2.73,0.00316548
-2.72,0.00333054
-2.71,0.00350346
-2.7,0.00368457
-2.69,0.00387422
-2.68,0.00407275
-2.67,0.00428055
-2.66,0.00449798
-2.65,0.00472545
-2.64,0.00496335
-2.63,0.00521212
-2.62,0.00547218
-2.61,0.00574398
-2.6,0.00602799
-2.59,0.00632469
-2.58,0.00663456
-2.57,0.00695811
-2.56,0.00729588
-2.55,0.00764839
-2.54,0.00801622
-2.53,0.00839992
-2.52,0.00880008
-2.51,0.00921733
-2.5,0.00965227
-2.49,0.0101056
-2.48,0.0105778
-2.47,0.0110698
-2.46,0.0115821
-2.45,0.0121156
-2.44,0.0126708
-2.43,0.0132486
-2.42,0.0138498
-2.41,0.0144751
-2.4,0.0151253
-2.39,0.0158014
-2.38,0.016504
-2.37,0.0172341
-2.36,0.0179927
-2.35,0.0187805
-2.34,0.0195985
-2.33,0.0204477
-2.32,0.021329
-2.31,0.0222435
-2.3,0.0231921
-2.29,0.0241759
-2.28,0.0251958
-2.27,0.0262531
-2.26,0.0273487
-2.25,0.0284837
-2.24,0.0296594
-2.23,0.0308768
-2.22,0.0321371
-2.21,0.0334414
-2.2,0.034791
-2.19,0.0361871
-2.18,0.037631
-2.17,0.0391237
-2.16,0.0406667
-2.15,0.0422612
-2.14,0.0439085
-2.13,0.0456099
-2.12,0.0473667
-2.11,0.0491802
-2.1,0.0510517
-2.09,0.0529828
-2.08,0.0549746
-2.07,0.0570285
-2.06,0.059146
-2.05,0.0613284
-2.04,0.063577
-2.03,0.0658934
-2.02,0.0682788
-2.01,0.0707348
-2,0.0732626
-1.99,0.0758636
-1.98,0.0785393
-1.97,0.0812911
-1.96,0.0841202
-1.95,0.0870282
-1.94,0.0900163
-1.93,0.0930859
-1.92,0.0962383
-1.91,0.0994749
-1.9,0.102797
-1.89,0.106206
-1.88,0.109703
-1.87,0.113289
-1.86,0.116965
-1.85,0.120734
-1.84,0.124595
-1.83,0.12855
-1.82,0.1326
-1.81,0.136747
-1.8,0.14099
-1.79,0.145332
-1.78,0.149772
-1.77,0.154313
-1.76,0.158954
-1.75,0.163697
-1.74,0.168542
-1.73,0.173491
-1.72,0.178543
-1.71,0.183699
-1.7,0.188959
-1.69,0.194325
-1.68,0.199796
-1.67,0.205373
-1.66,0.211055
-1.65,0.216844
-1.64,0.222739
-1.63,0.228739
-1.62,0.234846
-1.61,0.241058
-1.6,0.247375
-1.59,0.253797
-1.58,0.260324
-1.57,0.266954
-1.56,0.273688
-1.55,0.280523
-1.54,0.28746
-1.53,0.294497
-1.52,0.301634
-1.51,0.308867
-1.5,0.316198
-1.49,0.323623
-1.48,0.331141
-1.47,0.338751
-1.46,0.34645
-1.45,0.354237
-1.44,0.362109
-1.43,0.370064
-1.42,0.3781
-1.41,0.386214
-1.4,0.394404
-1.39,0.402666
-1.38,0.410997
-1.37,0.419395
-1.36,0.427856
-1.35,0.436377
-1.34,0.444955
-1.33,0.453584
-1.32,0.462263
-1.31,0.470987
-1.3,0.479751
-1.29,0.488551
-1.28,0.497384
-1.27,0.506244
-1.26,0.515127
-1.25,0.524028
-1.24,0.532943
-1.23,0.541865
-1.22,0.55079
-1.21,0.559712
-1.2,0.568627
-1.19,0.577527
-1.18,0.586409
-1.17,0.595265
-1.16,0.60409
-1.15,0.612877
-1.14,0.621621
-1.13,0.630315
-1.12,0.638953
-1.11,0.647528
-1.1,0.656034
-1.09,0.664464
-1.08,0.67281
-1.07,0.681067
-1.06,0.689227
-1.05,0.697284
-1.04,0.705229
-1.03,0.713057
-1.02,0.720759
-1.01,0.728329
-1,0.735759
-0.99,0.743042
-0.98,0.75017
-0.97,0.757136
-0.96,0.763933
-0.95,0.770554
-0.94,0.77699
-0.93,0.783234
-0.92,0.78928
-0.91,0.795119
-0.9,0.800745
-0.89,0.806149
-0.88,0.811325
-0.87,0.816266
-0.86,0.820964
-0.85,0.825413
-0.84,0.829604
-0.83,0.833533
-0.82,0.83719
-0.81,0.840571
-0.8,0.843668
-0.79,0.846475
-0.78,0.848985
-0.77,0.851192
-0.76,0.85309
-0.75,0.854674
-0.74,0.855938
-0.73,0.856875
-0.72,0.85748
-0.71,0.85775
-0.7,0.857677
-0.69,0.857258
-0.68,0.856488
-0.67,0.855362
-0.66,0.853877
-0.65,0.852028
-0.64,0.849812
-0.63,0.847226
-0.62,0.844265
-0.61,0.840928
-0.6,0.837212
-0.59,0.833113
-0.58,0.828631
-0.57,0.823764
-0.56,0.818509
-0.55,0.812865
-0.54,0.806833
-0.53,0.80041
-0.52,0.793597
-0.51,0.786394
-0.5,0.778801
-0.49,0.770818
-0.48,0.762447
-0.47,0.753689
-0.46,0.744545
-0.45,0.735018
-0.44,0.725109
-0.43,0.714821
-0.42,0.704157
-0.41,0.693121
-0.4,0.681715
-0.39,0.669944
-0.38,0.657812
-0.37,0.645322
-0.36,0.632482
-0.35,0.619294
-0.34,0.605765
-0.33,0.591901
-0.32,0.577708
-0.31,0.563191
-0.3,0.548359
-0.29,0.533217
-0.28,0.517773
-0.27,0.502035
-0.26,0.48601
-0.25,0.469707
-0.24,0.453133
-0.23,0.436298
-0.22,0.419211
-0.21,0.40188
-0.2,0.384316
-0.19,0.366527
-0.18,0.348523
-0.17,0.330315
-0.16,0.311912
-0.15,0.293325
-0.14,0.274565
-0.13,0.255643
-0.12,0.236569
-0.11,0.217354
-0.1,0.19801
-0.09,0.178548
-0.08,0.158979
-0.07,0.139316
-0.06,0.119569
-0.05,0.0997503
-0.04,0.0798721
-0.03,0.059946
-0.02,0.039984
-0.01,0.019998
0,0
0.01,-0.019998
0.02,-0.039984
0.03,-0.059946
0.04,-0.0798721
0.05,-0.0997503
0.06,-0.119569
0.07,-0.139316
0.08,-0.158979
0.09,-0.178548
0.1,-0.19801
0.11,-0.217354
0.12,-0.236569
0.13,-0.255643
0.14,-0.274565
0.15,-0.293325
0.16,-0.311912
0.17,-0.330315
0.18,-0.348523
0.19,-0.366527
0.2,-0.384316
0.21,-0.40188
0.22,-0.419211
0.23,-0.436298
0.24,-0.453133
0.25,-0.469707
0.26,-0.48601
0.27,-0.502035
0.28,-0.517773
0.29,-0.533217
0.3,-0.548359
0.31,-0.563191
0.32,-0.577708
0.33,-0.591901
0.34,-0.605765
0.35,-0.619294
0.36,-0.632482
0.37,-0.645322
0.38,-0.657812
0.39,-0.669944
0.4,-0.681715
0.41,-0.693121
0.42,-0.704157
0.43,-0.714821
0.44,-0.725109
0.45,-0.735018
0.46,-0.744545
0.47,-0.753689
0.48,-0.762447
0.49,-0.770818
0.5,-0.778801
0.51,-0.786394
0.52,-0.793597
0.53,-0.80041
0.54,-0.806833
0.55,-0.812865
0.56,-0.818509
0.57,-0.823764
0.58,-0.828631
0.59,-0.833113
0.6,-0.837212
0.61,-0.840928
0.62,-0.844265
0.63,-0.847226
0.64,-0.849812
0.65,-0.852028
0.66,-0.853877
0.67,-0.855362
0.68,-0.856488
0.69,-0.857258
0.7,-0.857677
0.71,-0.85775
0.72,-0.85748
0.73,-0.856875
0.74,-0.855938
0.75,-0.854674
0.76,-0.85309
0.77,-0.851192
0.78,-0.848985
0.79,-0.846475
0.8,-0.843668
0.81,-0.840571
0.82,-0.83719
0.83,-0.833533
0.84,-0.829604
0.85,-0.825413
0.86,-0.820964
0.87,-0.816266
0.88,-0.811325
0.89,-0.806149
0.9,-0.800745
0.91,-0.795119
0.92,-0.78928
0.93,-0.783234
0.94,-0.77699
0.95,-0.770554
0.96,-0.763933
0.97,-0.757136
0.98,-0.75017
0.99,-0.743042
1,-0.735759
1.01,-0.728329
1.02,-0.720759
1.03,-0.713057
1.04,-0.705229
1.05,-0.697284
1.06,-0.689227
1.07,-0.681067
1.08,-0.67281
1.09,-0.664464
1.1,-0.656034
1.11,-0.647528
1.12,-0.638953
1.13,-0.630315
1.14,-0.621621
1.15,-0.612877
1.16,-0.60409
1.17,-0.595265
1.18,-0.586409
1.19,-0.577527
1.2,-0.568627
1.21,-0.559712
1.22,-0.55079
1.23,-0.541865
1.24,-0.532943
1.25,-0.524028
1.26,-0.515127
1.27,-0.506244
1.28,-0.497384
1.29,-0.488551
1.3,-0.479751
1.31,-0.470987
1.32,-0.462263
1.33,-0.453584
1.34,-0.444955
1.35,-0.436377
1.36,-0.427856
1.37,-0.419395
1.38,-0.410997
1.39,-0.402666
1.4,-0.394404
1.41,-0.386214
1.42,-0.3781
1.43,-0.370064
1.44,-0.362109
1.45,-0.354237
1.46,-0.34645
1.47,-0.338751
1.48,-0.331141
1.49,-0.323623
1.5,-0.316198
1.51,-0.308867
1.52,-0.301634
1.53,-0.294497
1.54,-0.28746
1.55,-0.280523
1.56,-0.273688
1.57,-0.266954
1.58,-0.260324
1.59,-0.253797
1.6,-0.247375
1.61,-0.241058
1.62,-0.234846
1.63,-0.228739
1.64,-0.222739
1.65,-0.216844
1.66,-0.211055
1.67,-0.205373
1.68,-0.199796
1.69,-0.194325
1.7,-0.188959
1.71,-0.183699
1.72,-0.178543
1.73,-0.173491
1.74,-0.168542
1.75,-0.163697
1.76,-0.158954
1.77,-0.154313
1.78,-0.149772
1.79,-0.145332
1.8,-0.14099
1.81,-0.136747
1.82,-0.1326
1.83,-0.12855
1.84,-0.124595
1.85,-0.120734
1.86,-0.116965
1.87,-0.113289
1.88,-0.109703
1.89,-0.106206
1.9,-0.102797
1.91,-0.0994749
1.92,-0.0962383
1.93,-0.0930859
1.94,-0.0900163
1.95,-0.0870282
1.96,-0.0841202
1.97,-0.0812911
1.98,-0.0785393
1.99,-0.0758636
2,-0.0732626
2.01,-0.0707348
2.02,-0.0682788
2.03,-0.0658934
2.04,-0.063577
2.05,-0.0613284
2.06,-0.059146
2.07,-0.0570285
2.08,-0.0549746
2.09,-0.0529828
2.1,-0.0510517
2.11,-0.0491802
2.12,-0.0473667
2.13,-0.0456099
2.14,-0.0439085
2.15,-0.0422612
2.16,-0.0406667
2.17,-0.0391237
2.18,-0.037631
2.19,-0.0361871
2.2,-0.034791
2.21,-0.0334414
2.22,-0.0321371
2.23,-0.0308768
2.24,-0.0296594
2.25,-0.0284837
2.26,-0.0273487
2.27,-0.0262531
2.28,-0.0251958
2.29,-0.0241759
2.3,-0.0231921
2.31,-0.0222435
2.32,-0.021329
2.33,-0.0204477
2.34,-0.0195985
2.35,-0.0187805
2.36,-0.0179927
2.37,-0.0172341
2.38,-0.016504
2.39,-0.0158014
2.4,-0.0151253
2.41,-0.0144751
2.42,-0.0138498
2.43,-0.0132486
2.44,-0.0126708
2.45,-0.0121156
2.46,-0.0115821
2.47,-0.0110698
2.48,-0.0105778
2.49,-0.0101056
2.5,-0.00965227
2.51,-0.00921733
2.52,-0.00880008
2.53,-0.00839992
2.54,-0.00801622
2.55,-0.00764839
2.56,-0.00729588
2.57,-0.00695811
2.58,-0.00663456
2.59,-0.00632469
2.6,-0.00602799
2.61,-0.00574398
2.62,-0.00547218
2.63,-0.00521212
2.64,-0.00496335
2.65,-0.00472545
2.66,-0.00449798
2.67,-0.00428055
2.68,-0.00407275
2.69,-0.00387422
2.7,-0.00368457
2.71,-0.00350346
2.72,-0.00333054
2.73,-0.00316548
2.74,-0.00300795
2.75,-0.00285766
2.76,-0.0027143
2.77,-0.00257758
2.78,-0.00244722
2.79,-0.00232296
2.8,-0.00220455
2.81,-0.00209172
2.82,-0.00198425
2.83,-0.00188189
2.84,-0.00178444
2.85,-0.00169168
2.86,-0.0016034
2.87,-0.0015194
2.88,-0.0014395
2.89,-0.00136351
2.9,-0.00129125
2.91,-0.00122257
2.92,-0.0011573
2.93,-0.00109527
2.94,-0.00103636
2.95,-0.000980402
2.96,-0.000927272
2.97,-0.000876836
2.98,-0.000828968
2.99,-0.000783547
3,-0.000740459
3.01,-0.000699592
3.02,-0.000660842
3.03,-0.000624106
3.04,-0.000589288
3.05,-0.000556295
3.06,-0.000525039
3.07,-0.000495435
3.08,-0.000467401
3.09,-0.000440861
3.1,-0.00041574
3.11,-0.000391968
3.12,-0.000369478
3.13,-0.000348205
3.14,-0.000328088
3.15,-0.000309068
3.16,-0.000291089
3.17,-0.000274099
3.18,-0.000258046
3.19,-0.000242883
3.2,-0.000228562
3.21,-0.000215041
3.22,-0.000202277
3.23,-0.000190231
3.24,-0.000178865
3.25,-0.000168143
3.26,-0.00015803
3.27,-0.000148494
3.28,-0.000139505
3.29,-0.000131032
3.3,-0.000123049
3.31,-0.000115527
3.32,-0.000108443
3.33,-0.000101771
3.34,-9.54907e-05
3.35,-8.95787e-05
3.36,-8.40153e-05
3.37,-7.87809e-05
3.38,-7.38572e-05
3.39,-6.92268e-05
3.4,-6.48731e-05
3.41,-6.07806e-05
3.42,-5.69343e-05
3.43,-5.33203e-05
3.44,-4.99254e-05
3.45,-4.67368e-05
3.46,-4.37428e-05
3.47,-4.0932e-05
3.48,-3.82939e-05
3.49,-3.58183e-05
3.5,-3.34958e-05
3.51,-3.13174e-05
3.52,-2.92746e-05
3.53,-2.73593e-05
3.54,-2.5564e-05
3.55,-2.38815e-05
3.56,-2.23052e-05
3.57,-2.08285e-05
3.58,-1.94456e-05
3.59,-1.81507e-05
3.6,-1.69385e-05
3.61,-1.5804e-05
3.62,-1.47425e-05
3.63,-1.37493e-05
3.64,-1.28204e-05
3.65,-1.19518e-05
3.66,-1.11398e-05
3.67,-1.03807e-05
3.68,-9.67137e-06
3.69,-9.00864e-06
3.7,-8.38958e-06
3.71,-7.81144e-06
3.72,-7.27164e-06
3.73,-6.76773e-06
3.74,-6.29744e-06
3.75,-5.85862e-06
3.76,-5.44924e-06
3.77,-5.06742e-06
3.78,-4.71138e-06
3.79,-4.37945e-06
3.8,-4.07006e-06
3.81,-3.78175e-06
3.82,-3.51313e-06
3.83,-3.26292e-06
3.84,-3.0299e-06
3.85,-2.81294e-06
3.86,-2.61098e-06
3.87,-2.42301e-06
3.88,-2.24812e-06
3.89,-2.08541e-06
3.9,-1.93408e-06
3.91,-1.79337e-06
3.92,-1.66254e-06
3.93,-1.54095e-06
3.94,-1.42795e-06
3.95,-1.32296e-06
3.96,-1.22544e-06
3.97,-1.13488e-06
3.98,-1.05079e-06
3.99,-9.72728e-07
4,-9.00281e-07
4.01,-8.33059e-07
4.02,-7.70697e-07
4.03,-7.12856e-07
4.04,-6.5922e-07
4.05,-6.09494e-07
4.06,-5.63403e-07
4.07,-5.20691e-07
4.08,-4.81117e-07
4.09,-4.44459e-07
4.1,-4.1051e-07
4.11,-3.79076e-07
4.12,-3.49977e-07
4.13,-3.23045e-07
4.14,-2.98124e-07
4.15,-2.75069e-07
4.16,-2.53745e-07
4.17,-2.34025e-07
4.18,-2.15794e-07
4.19,-1.98942e-07
4.2,-1.83368e-07
4.21,-1.68979e-07
4.22,-1.55687e-07
4.23,-1.43411e-07
4.24,-1.32076e-07
4.25,-1.21612e-07
4.26,-1.11953e-07
4.27,-1.03041e-07
4.28,-9.48186e-08
4.29,-8.72345e-08
4.3,-8.02405e-08
4.31,-7.3792e-08
4.32,-6.78479e-08
4.33,-6.23698e-08
4.34,-5.73222e-08
4.35,-5.26723e-08
4.36,-4.83896e-08
4.37,-4.4446e-08
4.38,-4.08155e-08
4.39,-3.74738e-08
4.4,-3.43987e-08
4.41,-3.15694e-08
4.42,-2.89669e-08
4.43,-2.65735e-08
4.44,-2.43728e-08
4.45,-2.23498e-08
4.46,-2.04905e-08
4.47,-1.8782e-08
4.48,-1.72125e-08
4.49,-1.57709e-08
4.5,-1.44471e-08
4.51,-1.32316e-08
4.52,-1.2116e-08
4.53,-1.10921e-08
4.54,-1.01527e-08
4.55,-9.29094e-09
4.56,-8.50059e-09
4.57,-7.77588e-09
4.58,-7.11149e-09
4.59,-6.50254e-09
4.6,-5.94452e-09
4.61,-5.43327e-09
4.62,-4.96497e-09
4.63,-4.53611e-09
4.64,-4.14344e-09
4.65,-3.78399e-09
4.66,-3.45502e-09
4.67,-3.154e-09
4.68,-2.87862e-09
4.69,-2.62675e-09
4.7,-2.39642e-09
4.71,-2.18584e-09
4.72,-1.99336e-09
4.73,-1.81746e-09
4.74,-1.65674e-09
4.75,-1.50992e-09
4.76,-1.37583e-09
4.77,-1.2534e-09
4.78,-1.14163e-09
4.79,-1.03961e-09
4.8,-9.46513e-10
4.81,-8.61578e-10
4.82,-7.84104e-10
4.83,-7.13452e-10
4.84,-6.49033e-10
4.85,-5.9031e-10
4.86,-5.3679e-10
4.87,-4.88023e-10
4.88,-4.43596e-10
4.89,-4.03131e-10
4.9,-3.66282e-10
4.91,-3.32734e-10
4.92,-3.02196e-10
4.93,-2.74406e-10
4.94,-2.4912e-10
4.95,-2.26118e-10
4.96,-2.05198e-10
4.97,-1.86175e-10
4.98,-1.68882e-10
4.99,-1.53163e-10
5,-1.38879e-10
5.01,-1.25902e-10
5.02,-1.14114e-10
5.03,-1.03409e-10
5.04,-9.36884e-11
5.05,-8.48646e-11
5.06,-7.68561e-11
5.07,-6.95892e-11
5.08,-6.29965e-11
5.09,-5.70168e-11
5.1,-5.15942e-11
5.11,-4.66778e-11
5.12,-4.22212e-11
5.13,-3.81824e-11
5.14,-3.45228e-11
5.15,-3.12077e-11
5.16,-2.82052e-11
5.17,-2.54863e-11
5.18,-2.30248e-11
5.19,-2.07969e-11
5.2,-1.87806e-11
5.21,-1.69564e-11
5.22,-1.53063e-11
5.23,-1.3814e-11
5.24,-1.24646e-11
5.25,-1.12447e-11
5.26,-1.01421e-11
5.27,-9.14584e-12
5.28,-8.24572e-12
5.29,-7.43268e-12
5.3,-6.69844e-12
5.31,-6.03551e-12
5.32,-5.43708e-12
5.33,-4.89698e-12
5.34,-4.40964e-12
5.35,-3.97e-12
5.36,-3.57345e-12
5.37,-3.21586e-12
5.38,-2.89347e-12
5.39,-2.60287e-12
5.4,-2.34097e-12
5.41,-2.105e-12
5.42,-1.89243e-12
5.43,-1.70098e-12
5.44,-1.52859e-12
5.45,-1.37339e-12
5.46,-1.2337e-12
5.47,-1.10799e-12
5.48,-9.94887e-13
5.49,-8.93148e-13
5.5,-8.0165e-13
5.51,-7.19379e-13
5.52,-6.4542e-13
5.53,-5.78947e-13
5.54,-5.19215e-13
5.55,-4.65551e-13
5.56,-4.17349e-13
5.57,-3.74061e-13
5.58,-3.35195e-13
5.59,-3.00306e-13
5.6,-2.68994e-13
5.61,-2.40898e-13
5.62,-2.15693e-13
5.63,-1.93085e-13
5.64,-1.72813e-13
5.65,-1.54637e-13
5.66,-1.38345e-13
5.67,-1.23744e-13
5.68,-1.10661e-13
5.69,-9.8942e-14
5.7,-8.84458e-14
5.71,-7.9047e-14
5.72,-7.06326e-14
5.73,-6.31012e-14
5.74,-5.63613e-14
5.75,-5.03311e-14
5.76,-4.4937e-14
5.77,-4.01128e-14
5.78,-3.57993e-14
5.79,-3.19431e-14
5.8,-2.84965e-14
5.81,-2.54166e-14
5.82,-2.2665e-14
5.83,-2.02072e-14
5.84,-1.80123e-14
5.85,-1.60525e-14
5.86,-1.43031e-14
5.87,-1.27417e-14
5.88,-1.13484e-14
5.89,-1.01055e-14
5.9,-8.99686e-15
5.91,-8.00823e-15
5.92,-7.12678e-15
5.93,-6.34107e-15
5.94,-5.64084e-15
5.95,-5.01691e-15
5.96,-4.46109e-15
5.97,-3.96605e-15
5.98,-3.52522e-15
5.99,-3.13276e-15
6,-2.78343e-15
6.01,-2.47255e-15
6.02,-2.19594e-15
6.03,-1.94989e-15
6.04,-1.73105e-15
6.05,-1.53646e-15
6.06,-1.36347e-15
6.07,-1.20971e-15
6.08,-1.07307e-15
6.09,-9.51678e-16
6.1,-8.43844e-16
6.11,-7.48077e-16
6.12,-6.63044e-16
6.13,-5.87557e-16
6.14,-5.20559e-16
6.15,-4.61107e-16
6.16,-4.08363e-16
6.17,-3.61578e-16
6.18,-3.20088e-16
6.19,-2.83302e-16
6.2,-2.50693e-16
6.21,-2.21792e-16
6.22,-1.96183e-16
6.23,-1.73496e-16
6.24,-1.53402e-16
6.25,-1.35607e-16
6.26,-1.19852e-16
6.27,-1.05906e-16
6.28,-9.35643e-17
6.29,-8.26438e-17
6.3,-7.29831e-17
6.31,-6.44387e-17
6.32,-5.68831e-17
6.33,-5.02032e-17
6.34,-4.42988e-17
6.35,-3.90809e-17
6.36,-3.44706e-17
6.37,-3.0398e-17
6.38,-2.68012e-17
6.39,-2.36252e-17
6.4,-2.08213e-17
6.41,-1.83465e-17
6.42,-1.61626e-17
6.43,-1.42357e-17
6.44,-1.2536e-17
6.45,-1.10371e-17
6.46,-9.71536e-18
6.47,-8.5502e-18
6.48,-7.52326e-18
6.49,-6.61832e-18
6.5,-5.82105e-18
6.51,-5.11879e-18
6.52,-4.50034e-18
6.53,-3.95581e-18
6.54,-3.47647e-18
6.55,-3.05459e-18
6.56,-2.68336e-18
6.57,-2.35677e-18
6.58,-2.06951e-18
6.59,-1.8169e-18
6.6,-1.5948e-18
6.61,-1.39957e-18
6.62,-1.22798e-18
6.63,-1.07722e-18
6.64,-9.44774e-19
6.65,-8.28445e-19
6.66,-7.26293e-19
6.67,-6.36608e-19
6.68,-5.57885e-19
6.69,-4.88797e-19
6.7,-4.28179e-19
6.71,-3.75003e-19
6.72,-3.28364e-19
6.73,-2.87467e-19
6.74,-2.51613e-19
6.75,-2.20187e-19
6.76,-1.92647e-19
6.77,-1.68517e-19
6.78,-1.4738e-19
6.79,-1.28868e-19
6.8,-1.12658e-19
6.81,-9.84675e-20
6.82,-8.6047e-20
6.83,-7.5178e-20
6.84,-6.56687e-20
6.85,-5.73506e-20
6.86,-5.0076e-20
6.87,-4.37153e-20
6.88,-3.81548e-20
6.89,-3.32949e-20
6.9,-2.90482e-20
6.91,-2.5338e-20
6.92,-2.20972e-20
6.93,-1.9267e-20
6.94,-1.67959e-20
6.95,-1.46388e-20
6.96,-1.27562e-20
6.97,-1.11134e-20
6.98,-9.6802e-21
6.99,-8.43015e-21
7,-7.34004e-21
7.01,-6.3896e-21
7.02,-5.56111e-21
7.03,-4.83906e-21
7.04,-4.20991e-21
7.05,-3.66183e-21
7.06,-3.18445e-21
7.07,-2.76875e-21
7.08,-2.40682e-21
7.09,-2.09179e-21
7.1,-1.81762e-21
7.11,-1.57907e-21
7.12,-1.37155e-21
7.13,-1.19106e-21
7.14,-1.03412e-21
7.15,-8.97669e-22
7.16,-7.79069e-22
7.17,-6.76001e-22
7.18,-5.86451e-22
7.19,-5.0866e-22
7.2,-4.41099e-22
7.21,-3.82435e-22
7.22,-3.31505e-22
7.23,-2.873e-22
7.24,-2.4894e-22
7.25,-2.15657e-22
7.26,-1.86787e-22
7.27,-1.61749e-22
7.28,-1.40039e-22
7.29,-1.21218e-22
7.3,-1.04906e-22
7.31,-9.07703e-23
7.32,-7.85236e-23
7.33,-6.79155e-23
7.34,-5.87287e-23
7.35,-5.07743e-23
7.36,-4.38884e-23
7.37,-3.79287e-23
7.38,-3.27716e-23
7.39,-2.83101e-23
7.4,-2.4451e-23
7.41,-2.11137e-23
7.42,-1.82282e-23
7.43,-1.57339e-23
7.44,-1.35781e-23
7.45,-1.17154e-23
7.46,-1.01062e-23
7.47,-8.71621e-24
7.48,-7.51591e-24
7.49,-6.4796e-24
7.5,-5.58504e-24
7.51,-4.81302e-24
7.52,-4.14688e-24
7.53,-3.57221e-24
7.54,-3.07656e-24
7.55,-2.64915e-24
7.56,-2.28065e-24
7.57,-1.96302e-24
7.58,-1.68928e-24
7.59,-1.45342e-24
7.6,-1.25024e-24
7.61,-1.07525e-24
7.62,-9.24563e-25
7.63,-7.94833e-25
7.64,-6.83169e-25
7.65,-5.87074e-25
7.66,-5.04393e-25
7.67,-4.3327e-25
7.68,-3.72101e-25
7.69,-3.19503e-25
7.7,-2.74284e-25
7.71,-2.35418e-25
7.72,-2.02018e-25
7.73,-1.73322e-25
7.74,-1.48673e-25
7.75,-1.27503e-25
7.76,-1.09325e-25
7.77,-9.37203e-26
7.78,-8.03266e-26
7.79,-6.88332e-26
7.8,-5.89723e-26
7.81,-5.0514e-26
7.82,-4.326e-26
7.83,-3.70403e-26
7.84,-3.17085e-26
7.85,-2.71386e-26
7.86,-2.32227e-26
7.87,-1.98678e-26
7.88,-1.69942e-26
7.89,-1.45333e-26
7.9,-1.24262e-26
7.91,-1.06225e-26
7.92,-9.07874e-27
7.93,-7.75779e-27
7.94,-6.6277e-27
7.95,-5.66109e-27
7.96,-4.83448e-27
7.97,-4.12774e-27
7.98,-3.5236e-27
7.99,-3.00728e-27
8,-2.5661e-27
8.01,-2.1892e-27
8.02,-1.86728e-27
8.03,-1.59238e-27
8.04,-1.35768e-27
8.05,-1.15733e-27
8.06,-9.86352e-28
8.07,-8.40463e-28
8.08,-7.16008e-28
8.09,-6.0986e-28
8.1,-5.19343e-28
8.11,-4.42172e-28
8.12,-3.76392e-28
8.13,-3.20333e-28
8.14,-2.72569e-28
8.15,-2.3188e-28
8.16,-1.97225e-28
8.17,-1.67715e-28
8.18,-1.42593e-28
8.19,-1.21209e-28
8.2,-1.03011e-28
8.21,-8.75275e-29
8.22,-7.43564e-29
8.23,-6.31546e-29
8.24,-5.36296e-29
8.25,-4.55319e-29
8.26,-3.86491e-29
8.27,-3.28002e-29
8.28,-2.78308e-29
8.29,-2.36095e-29
8.3,-2.00245e-29
8.31,-1.69804e-29
8.32,-1.43962e-29
8.33,-1.22028e-29
8.34,-1.03415e-29
8.35,-8.76233e-30
8.36,-7.42282e-30
8.37,-6.28681e-30
8.38,-5.32359e-30
8.39,-4.50704e-30
8.4,-3.81497e-30
8.41,-3.22851e-30
8.42,-2.73166e-30
8.43,-2.31081e-30
8.44,-1.9544e-30
8.45,-1.65263e-30
8.46,-1.39717e-30
8.47,-1.18096e-30
8.48,-9.98012e-31
8.49,-8.43234e-31
8.5,-7.12316e-31
8.51,-6.01603e-31
8.52,-5.07995e-31
8.53,-4.28866e-31
8.54,-3.6199e-31
8.55,-3.05481e-31
8.56,-2.57741e-31
8.57,-2.17418e-31
8.58,-1.83367e-31
8.59,-1.54617e-31
8.6,-1.30349e-31
8.61,-1.09868e-31
8.62,-9.25862e-32
8.63,-7.80071e-32
8.64,-6.57104e-32
8.65,-5.5341e-32
8.66,-4.65986e-32
8.67,-3.92293e-32
8.68,-3.30188e-32
8.69,-2.77859e-32
8.7,-2.33776e-32
8.71,-1.96647e-32
8.72,-1.65382e-32
8.73,-1.3906e-32
8.74,-1.16904e-32
8.75,-9.82577e-33
8.76,-8.25692e-33
8.77,-6.93716e-33
8.78,-5.82717e-33
8.79,-4.8938e-33
8.8,-4.10911e-33
8.81,-3.44955e-33
8.82,-2.89527e-33
8.83,-2.42956e-33
8.84,-2.03835e-33
8.85,-1.70979e-33
8.86,-1.43391e-33
8.87,-1.20229e-33
8.88,-1.00789e-33
8.89,-8.44747e-34
8.9,-7.07871e-34
8.91,-5.93054e-34
8.92,-4.9676e-34
8.93,-4.16017e-34
8.94,-3.48329e-34
8.95,-2.91594e-34
8.96,-2.44052e-34
8.97,-2.0422e-34
8.98,-1.70854e-34
8.99,-1.42911e-34
9,-1.19514e-34
9.01,-9.99276e-35
9.02,-8.35341e-35
9.03,-6.9816e-35
9.04,-5.83389e-35
9.05,-4.87388e-35
9.06,-4.07102e-35
9.07,-3.39974e-35
9.08,-2.83857e-35
9.09,-2.36955e-35
9.1,-1.97763e-35
9.11,-1.6502e-35
9.12,-1.37671e-35
9.13,-1.14831e-35
9.14,-9.5761e-36
9.15,-7.9842e-36
9.16,-6.65559e-36
9.17,-5.54695e-36
9.18,-4.62205e-36
9.19,-3.85059e-36
9.2,-3.20725e-36
9.21,-2.67086e-36
9.22,-2.22373e-36
9.23,-1.85108e-36
9.24,-1.54057e-36
9.25,-1.28189e-36
9.26,-1.06643e-36
9.27,-8.87004e-37
9.28,-7.37619e-37
9.29,-6.13269e-37
9.3,-5.0978e-37
9.31,-4.2367e-37
9.32,-3.52034e-37
9.33,-2.92452e-37
9.34,-2.42905e-37
9.35,-2.01712e-37
9.36,-1.67471e-37
9.37,-1.39015e-37
9.38,-1.1537e-37
9.39,-9.5728e-38
9.4,-7.94141e-38
9.41,-6.58671e-38
9.42,-5.462e-38
9.43,-4.52844e-38
9.44,-3.75368e-38
9.45,-3.11085e-38
9.46,-2.57759e-38
9.47,-2.13531e-38
9.48,-1.76856e-38
9.49,-1.46451e-38
9.5,-1.21249e-38
9.51,-1.00363e-38
9.52,-8.30585e-39
9.53,-6.87238e-39
9.54,-5.68516e-39
9.55,-4.70209e-39
9.56,-3.88823e-39
9.57,-3.21459e-39
9.58,-2.65712e-39
9.59,-2.19589e-39
9.6,-1.81435e-39
9.61,-1.49881e-39
9.62,-1.23789e-39
9.63,-1.02219e-39
9.64,-8.43907e-40
9.65,-6.96577e-40
9.66,-5.74853e-40
9.67,-4.74304e-40
9.68,-3.91264e-40
9.69,-3.22698e-40
9.7,-2.66093e-40
9.71,-2.19374e-40
9.72,-1.80821e-40
9.73,-1.49013e-40
9.74,-1.22776e-40
9.75,-1.01138e-40
9.76,-8.32971e-41
9.77,-6.85894e-41
9.78,-5.64672e-41
9.79,-4.64782e-41
9.8,-3.82485e-41
9.81,-3.14696e-41
9.82,-2.5887e-41
9.83,-2.12905e-41
9.84,-1.75066e-41
9.85,-1.43923e-41
9.86,-1.18296e-41
9.87,-9.72132e-42
9.88,-7.98715e-42
9.89,-6.56101e-42
9.9,-5.38844e-42
9.91,-4.42454e-42
9.92,-3.63233e-42
9.93,-2.98137e-42
9.94,-2.44657e-42
9.95,-2.00731e-42
9.96,-1.64658e-42
9.97,-1.3504e-42
9.98,-1.10728e-42
9.99,-9.07743e-43
10,-7.44015e-43
10.01,-6.09696e-43
10.02,-4.99526e-43
10.03,-4.09181e-43
10.04,-3.35108e-43
10.05,-2.7439e-43
10.06,-2.24628e-43
10.07,-1.83853e-43
10.08,-1.5045e-43
10.09,-1.23091e-43
10.1,-1.00687e-43
10.11,-8.23437e-44
10.12,-6.73289e-44
10.13,-5.5041e-44
10.14,-4.49866e-44
10.15,-3.67615e-44
10.16,-3.00341e-44
10.17,-2.4533e-44
10.18,-2.00354e-44
10.19,-1.63591e-44
10.2,-1.33546e-44
10.21,-1.08998e-44
10.22,-8.89441e-45
10.23,-7.25652e-45
10.24,-5.91906e-45
10.25,-4.82714e-45
10.26,-3.93586e-45
10.27,-3.2085e-45
10.28,-2.61503e-45
10.29,-2.13091e-45
10.3,-1.73606e-45
10.31,-1.4141e-45
10.32,-1.15161e-45
10.33,-9.37657e-46
10.34,-7.633e-46
10.35,-6.2124e-46
10.36,-5.05518e-46
10.37,-4.11269e-46
10.38,-3.34525e-46
10.39,-2.72047e-46
10.4,-2.21193e-46
10.41,-1.7981e-46
10.42,-1.46139e-46
10.43,-1.1875e-46
10.44,-9.64743e-47
10.45,-7.83616e-47
10.46,-6.36367e-47
10.47,-5.16684e-47
10.48,-4.19425e-47
10.49,-3.40406e-47
10.5,-2.76218e-47
10.51,-2.24089e-47
10.52,-1.81761e-47
10.53,-1.47399e-47
10.54,-1.19509e-47
10.55,-9.6877e-48
10.56,-7.8515e-48
10.57,-6.36206e-48
10.58,-5.15412e-48
10.59,-4.1747e-48
10.6,-3.38071e-48
10.61,-2.73718e-48
10.62,-2.21571e-48
10.63,-1.79322e-48
10.64,-1.451e-48
10.65,-1.17385e-48
10.66,-9.49452e-49
10.67,-7.67795e-49
10.68,-6.20769e-49
10.69,-5.01797e-49
10.7,-4.05545e-49
10.71,-3.27689e-49
10.72,-2.64727e-49
10.73,-2.13819e-49
10.74,-1.72667e-49
10.75,-1.39406e-49
10.76,-1.1253e-49
10.77,-9.08174e-50
10.78,-7.32794e-50
10.79,-5.91163e-50
10.8,-4.7681e-50
10.81,-3.845e-50
10.82,-3.09999e-50
10.83,-2.49883e-50
10.84,-2.01384e-50
10.85,-1.62266e-50
10.86,-1.3072e-50
10.87,-1.05286e-50
10.88,-8.47833e-51
10.89,-6.82595e-51
10.9,-5.49451e-51
10.91,-4.42189e-51
10.92,-3.55794e-51
10.93,-2.86222e-51
10.94,-2.30208e-51
10.95,-1.85119e-51
10.96,-1.48831e-51
10.97,-1.19632e-51
10.98,-9.61426e-52
10.99,-7.72497e-52
11,-6.20569e-52
11.01,-4.98422e-52
11.02,-4.00236e-52
11.03,-3.21328e-52
11.04,-2.57925e-52
11.05,-2.0699e-52
11.06,-1.66081e-52
11.07,-1.33231e-52
11.08,-1.06856e-52
11.09,-8.56857e-53
11.1,-6.86957e-53
11.11,-5.50635e-53
11.12,-4.41277e-53
11.13,-3.53566e-53
11.14,-2.83233e-53
11.15,-2.26845e-53
11.16,-1.81647e-53
11.17,-1.45425e-53
11.18,-1.16402e-53
11.19,-9.31534e-54
11.2,-7.45329e-54
11.21,-5.96225e-54
11.22,-4.76854e-54
11.23,-3.81306e-54
11.24,-3.04841e-54
11.25,-2.43662e-54
11.26,-1.94721e-54
11.27,-1.55579e-54
11.28,-1.24281e-54
11.29,-9.92587e-55
11.3,-7.92585e-55
11.31,-6.32756e-55
11.32,-5.05056e-55
11.33,-4.03046e-55
11.34,-3.21576e-55
11.35,-2.56522e-55
11.36,-2.04588e-55
11.37,-1.63135e-55
11.38,-1.30055e-55
11.39,-1.03662e-55
11.4,-8.26084e-56
11.41,-6.58176e-56
11.42,-5.24292e-56
11.43,-4.17558e-56
11.44,-3.32486e-56
11.45,-2.64693e-56
11.46,-2.10681e-56
11.47,-1.67657e-56
11.48,-1.33392e-56
11.49,-1.06108e-56
11.5,-8.43884e-57
11.51,-6.7101e-57
11.52,-5.33443e-57
11.53,-4.23994e-57
11.54,-3.36934e-57
11.55,-2.67696e-57
11.56,-2.12644e-57
11.57,-1.68879e-57
11.58,-1.34095e-57
11.59,-1.06454e-57
11.6,-8.44933e-58
11.61,-6.70497e-58
11.62,-5.31966e-58
11.63,-4.21973e-58
11.64,-3.34655e-58
11.65,-2.65352e-58
11.66,-2.10359e-58
11.67,-1.6673e-58
11.68,-1.32123e-58
11.69,-1.04678e-58
11.7,-8.29171e-59
11.71,-6.5667e-59
11.72,-5.19951e-59
11.73,-4.11615e-59
11.74,-3.25786e-59
11.75,-2.57802e-59
11.76,-2.03964e-59
11.77,-1.61336e-59
11.78,-1.27592e-59
11.79,-1.00886e-59
11.8,-7.97532e-60
11.81,-6.30346e-60
11.82,-4.98108e-60
11.83,-3.93532e-60
11.84,-3.10849e-60
11.85,-2.45489e-60
11.86,-1.93832e-60
11.87,-1.53015e-60
11.88,-1.20769e-60
11.89,-9.52991e-61
11.9,-7.51857e-61
11.91,-5.93055e-61
11.92,-4.67699e-61
11.93,-3.68767e-61
11.94,-2.90703e-61
11.95,-2.29118e-61
11.96,-1.80544e-61
11.97,-1.42239e-61
11.98,-1.12039e-61
11.99,-8.8233e-62
12,-6.94714e-62
12.01,-5.46882e-62
12.02,-4.30422e-62
12.03,-3.38694e-62
12.04,-2.66461e-62
12.05,-2.09591e-62
12.06,-1.64825e-62
12.07,-1.29595e-62
12.08,-1.01875e-62
12.09,-8.00676e-63
12.1,-6.29159e-63
12.11,-4.94284e-63
12.12,-3.88244e-63
12.13,-3.04893e-63
12.14,-2.39388e-63
12.15,-1.87918e-63
12.16,-1.47486e-63
12.17,-1.15729e-63
12.18,-9.07922e-64
12.19,-7.12143e-64
12.2,-5.58469e-64
12.21,-4.37868e-64
12.22,-3.43243e-64
12.23,-2.69012e-64
12.24,-2.10792e-64
12.25,-1.65139e-64
12.26,-1.29348e-64
12.27,-1.01293e-64
12.28,-7.93077e-65
12.29,-6.20816e-65
12.3,-4.85873e-65
12.31,-3.80186e-65
12.32,-2.97428e-65
12.33,-2.32638e-65
12.34,-1.81925e-65
12.35,-1.42238e-65
12.36,-1.11187e-65
12.37,-8.68969e-66
12.38,-6.78996e-66
12.39,-5.30449e-66
12.4,-4.14316e-66
12.41,-3.23544e-66
12.42,-2.52609e-66
12.43,-1.97186e-66
12.44,-1.53892e-66
12.45,-1.2008e-66
12.46,-9.36774e-67
12.47,-7.30657e-67
12.48,-5.69778e-67
12.49,-4.44232e-67
12.5,-3.4628e-67
12.51,-2.69872e-67
12.52,-2.10281e-67
12.53,-1.63816e-67
12.54,-1.27593e-67
12.55,-9.9359e-68
12.56,-7.73574e-68
12.57,-6.02156e-68
12.58,-4.68629e-68
12.59,-3.64639e-68
12.6,-2.83667e-68
12.61,-2.20631e-68
12.62,-1.71569e-68
12.63,-1.3339e-68
12.64,-1.03686e-68
12.65,-8.05808e-69
12.66,-6.26116e-69
12.67,-4.86397e-69
12.68,-3.77781e-69
12.69,-2.93361e-69
12.7,-2.2776e-69
12.71,-1.76793e-69
12.72,-1.37203e-69
12.73,-1.06458e-69
12.74,-8.25856e-70
12.75,-6.40536e-70
12.76,-4.96701e-70
12.77,-3.85088e-70
12.78,-2.98496e-70
12.79,-2.31328e-70
12.8,-1.79239e-70
12.81,-1.38851e-70
12.82,-1.07542e-70
12.83,-8.3276e-71
12.84,-6.44725e-71
12.85,-4.99048e-71
12.86,-3.8621e-71
12.87,-2.98825e-71
12.88,-2.31166e-71
12.89,-1.7879e-71
12.9,-1.38253e-71
12.91,-1.06886e-71
12.92,-8.26187e-72
12.93,-6.38482e-72
12.94,-4.93325e-72
12.95,-3.81092e-72
12.96,-2.94333e-72
12.97,-2.2728e-72
12.98,-1.75467e-72
12.99,-1.35439e-72
13,-1.04522e-72
13.01,-8.06454e-73
13.02,-6.22109e-73
13.03,-4.79807e-73
13.04,-3.69981e-73
13.05,-2.85236e-73
13.06,-2.19858e-73
13.07,-1.69431e-73
13.08,-1.30544e-73
13.09,-1.00562e-73
13.1,-7.74507e-74
13.11,-5.96387e-74
13.12,-4.59139e-74
13.13,-3.53405e-74
13.14,-2.71966e-74
13.15,-2.09251e-74
13.16,-1.60966e-74
13.17,-1.23799e-74
13.18,-9.51938e-75
13.19,-7.31837e-75
13.2,-5.62514e-75
13.21,-4.3228e-75
13.22,-3.32131e-75
13.23,-2.55133e-75
13.24,-1.95947e-75
13.25,-1.5046e-75
13.26,-1.15509e-75
13.27,-8.86597e-76
13.28,-6.80375e-76
13.29,-5.22015e-76
13.3,-4.00434e-76
13.31,-3.07108e-76
13.32,-2.35486e-76
13.33,-1.80531e-76
13.34,-1.38373e-76
13.35,-1.06038e-76
13.36,-8.12434e-77
13.37,-6.22338e-77
13.38,-4.76625e-77
13.39,-3.64956e-77
13.4,-2.79394e-77
13.41,-2.13849e-77
13.42,-1.63648e-77
13.43,-1.25206e-77
13.44,-9.57753e-78
13.45,-7.32478e-78
13.46,-5.60078e-78
13.47,-4.2817e-78
13.48,-3.27262e-78
13.49,-2.50086e-78
13.5,-1.91071e-78
13.51,-1.45953e-78
13.52,-1.11467e-78
13.53,-8.51117e-79
13.54,-6.4975e-79
13.55,-4.95926e-79
13.56,-3.78442e-79
13.57,-2.88733e-79
13.58,-2.20244e-79
13.59,-1.67968e-79
13.6,-1.28074e-79
13.61,-9.76358e-80
13.62,-7.44166e-80
13.63,-5.67079e-80
13.64,-4.32046e-80
13.65,-3.29101e-80
13.66,-2.50635e-80
13.67,-1.90839e-80
13.68,-1.4528e-80
13.69,-1.10575e-80
13.7,-8.41432e-81
13.71,-6.40171e-81
13.72,-4.86951e-81
13.73,-3.70329e-81
13.74,-2.81581e-81
13.75,-2.14058e-81
13.76,-1.62695e-81
13.77,-1.23631e-81
13.78,-9.3928e-82
13.79,-7.13469e-82
13.8,-5.41836e-82
13.81,-4.11409e-82
13.82,-3.12315e-82
13.83,-2.37041e-82
13.84,-1.79874e-82
13.85,-1.36467e-82
13.86,-1.03513e-82
13.87,-7.85019e-83
13.88,-5.95219e-83
13.89,-4.51217e-83
13.9,-3.41986e-83
13.91,-2.59145e-83
13.92,-1.96332e-83
13.93,-1.48714e-83
13.94,-1.12623e-83
13.95,-8.52731e-84
13.96,-6.45523e-84
13.97,-4.88567e-84
13.98,-3.697e-84
13.99,-2.79697e-84
14,-2.11563e-84
14.01,-1.59994e-84
14.02,-1.20971e-84
14.03,-9.14473e-85
14.04,-6.91153e-85
14.05,-5.22264e-85
14.06,-3.94565e-85
14.07,-2.9803e-85
14.08,-2.25069e-85
14.09,-1.69935e-85
14.1,-1.28281e-85
14.11,-9.68181e-86
14.12,-7.30572e-86
14.13,-5.51166e-86
14.14,-4.15733e-86
14.15,-3.13516e-86
14.16,-2.36384e-86
14.17,-1.78192e-86
14.18,-1.34299e-86
14.19,-1.01197e-86
14.2,-7.62393e-87
14.21,-5.74251e-87
14.22,-4.32451e-87
14.23,-3.25601e-87
14.24,-2.45102e-87
14.25,-1.84468e-87
14.26,-1.38806e-87
14.27,-1.04426e-87
14.28,-7.85457e-88
14.29,-5.90675e-88
14.3,-4.44107e-88
14.31,-3.33841e-88
14.32,-2.50902e-88
14.33,-1.88531e-88
14.34,-1.41636e-88
14.35,-1.06384e-88
14.36,-7.98901e-89
14.37,-5.99822e-89
14.38,-4.50262e-89
14.39,-3.37925e-89
14.4,-2.53565e-89
14.41,-1.90226e-89
14.42,-1.4268e-89
14.43,-1.06997e-89
14.44,-8.02216e-90
14.45,-6.01346e-90
14.46,-4.50682e-90
14.47,-3.37698e-90
14.48,-2.52989e-90
14.49,-1.8949e-90
14.5,-1.419e-90
14.51,-1.06241e-90
14.52,-7.95275e-91
14.53,-5.95187e-91
14.54,-4.45352e-91
14.55,-3.3317e-91
14.56,-2.49196e-91
14.57,-1.8635e-91
14.58,-1.39325e-91
14.59,-1.04146e-91
14.6,-7.78343e-92
14.61,-5.81582e-92
14.62,-4.34474e-92
14.63,-3.24511e-92
14.64,-2.42331e-92
14.65,-1.80926e-92
14.66,-1.35053e-92
14.67,-1.00791e-92
14.68,-7.52061e-93
14.69,-5.61043e-93
14.7,-4.18459e-93
14.71,-3.12048e-93
14.72,-2.32651e-93
14.73,-1.7342e-93
14.74,-1.29243e-93
14.75,-9.63006e-94
14.76,-7.17402e-94
14.77,-5.3433e-94
14.78,-3.97896e-94
14.79,-2.96239e-94
14.8,-2.2051e-94
14.81,-1.64107e-94
14.82,-1.22107e-94
14.83,-9.08371e-95
14.84,-6.75618e-95
14.85,-5.02402e-95
14.86,-3.73521e-95
14.87,-2.77646e-95
14.88,-2.06339e-95
14.89,-1.53314e-95
14.9,-1.13893e-95
14.91,-8.45915e-96
14.92,-6.28156e-96
14.93,-4.6636e-96
14.94,-3.46169e-96
14.95,-2.56903e-96
14.96,-1.90617e-96
14.97,-1.41406e-96
14.98,-1.04878e-96
14.99,-7.77711e-97
15,-5.76584e-97
15.01,-4.27386e-97
15.02,-3.16731e-97
15.03,-2.34679e-97
15.04,-1.73849e-97
15.05,-1.2876e-97
15.06,-9.53461e-98
15.07,-7.05892e-98
15.08,-5.225e-98
15.09,-3.86677e-98
15.1,-2.86103e-98
15.11,-2.11646e-98
15.12,-1.56534e-98
15.13,-1.1575e-98
15.14,-8.55753e-99
15.15,-6.32539e-99
15.16,-4.67454e-99
15.17,-3.45386e-99
15.18,-2.55142e-99
15.19,-1.8844e-99
15.2,-1.39148e-99
15.21,-1.02729e-99
15.22,-7.58268e-100
15.23,-5.59584e-100
15.24,-4.12877e-100
15.25,-3.04572e-100
15.26,-2.24632e-100
15.27,-1.6564e-100
15.28,-1.22116e-100
15.29,-9.00104e-101
15.3,-6.63325e-101
15.31,-4.88734e-101
15.32,-3.60024e-101
15.33,-2.65157e-101
15.34,-1.95249e-101
15.35,-1.43743e-101
15.36,-1.05803e-101
15.37,-7.78613e-102
15.38,-5.72873e-102
15.39,-4.21414e-102
15.4,-3.09936e-102
15.41,-2.27901e-102
15.42,-1.67547e-102
15.43,-1.23151e-102
15.44,-9.05008e-103
15.45,-6.64936e-103
15.46,-4.8845e-103
15.47,-3.58735e-103
15.48,-2.63415e-103
15.49,-1.93384e-103
15.5,-1.41942e-103
15.51,-1.04164e-103
15.52,-7.64251e-104
15.53,-5.60619e-104
15.54,-4.11161e-104
15.55,-3.01487e-104
15.56,-2.21024e-104
15.57,-1.62003e-104
15.58,-1.18718e-104
15.59,-8.69816e-105
15.6,-6.37161e-105
15.61,-4.66643e-105
15.62,-3.4169e-105
15.63,-2.50146e-105
15.64,-1.83091e-105
15.65,-1.33984e-105
15.66,-9.80288e-106
15.67,-7.17078e-106
15.68,-5.24436e-106
15.69,-3.8347e-106
15.7,-2.80339e-106
15.71,-2.04903e-106
15.72,-1.49736e-106
15.73,-1.094e-106
15.74,-7.99133e-107
15.75,-5.83627e-107
15.76,-4.26153e-107
15.77,-3.11105e-107
15.78,-2.27072e-107
15.79,-1.65703e-107
15.8,-1.20896e-107
15.81,-8.81875e-108
15.82,-6.43153e-108
15.83,-4.68959e-108
15.84,-3.41875e-108
15.85,-2.4918e-108
15.86,-1.81582e-108
15.87,-1.32295e-108
15.88,-9.63674e-109
15.89,-7.01824e-109
15.9,-5.11021e-109
15.91,-3.72017e-109
15.92,-2.7077e-109
15.93,-1.97038e-109
15.94,-1.43355e-109
15.95,-1.04277e-109
15.96,-7.58364e-110
15.97,-5.51416e-110
15.98,-4.00861e-110
15.99,-2.91355e-110
16,-2.1172e-110
16.01,-1.53821e-110
16.02,-1.11733e-110
16.03,-8.11452e-111
16.04,-5.8919e-111
16.05,-4.27721e-111
16.06,-3.10441e-111
16.07,-2.25274e-111
16.08,-1.63439e-111
16.09,-1.18553e-111
16.1,-8.59772e-112
16.11,-6.234e-112
16.12,-4.51922e-112
16.13,-3.27546e-112
16.14,-2.37353e-112
16.15,-1.71961e-112
16.16,-1.2456e-112
16.17,-9.02069e-113
16.18,-6.53151e-113
16.19,-4.72826e-113
16.2,-3.42217e-113
16.21,-2.47636e-113
16.22,-1.7916e-113
16.23,-1.29592e-113
16.24,-9.37199e-114
16.25,-6.77636e-114
16.26,-4.89863e-114
16.27,-3.54051e-114
16.28,-2.55841e-114
16.29,-1.84836e-114
16.3,-1.33511e-114
16.31,-9.64183e-115
16.32,-6.9617e-115
16.33,-5.02556e-115
16.34,-3.62716e-115
16.35,-2.61735e-115
16.36,-1.88829e-115
16.37,-1.36204e-115
16.38,-9.82253e-116
16.39,-7.08223e-116
16.4,-5.1054e-116
16.41,-3.67962e-116
16.42,-2.65148e-116
16.43,-1.91024e-116
16.44,-1.37594e-116
16.45,-9.90885e-117
16.46,-7.13446e-117
16.47,-5.13584e-117
16.48,-3.69637e-117
16.49,-2.65982e-117
16.5,-1.91356e-117
16.51,-1.3764e-117
16.52,-9.89827e-118
16.53,-7.11685e-118
16.54,-5.11598e-118
16.55,-3.67692e-118
16.56,-2.64211e-118
16.57,-1.89815e-118
16.58,-1.36341e-118
16.59,-9.7911e-119
16.6,-7.02992e-119
16.61,-5.04642e-119
16.62,-3.62183e-119
16.63,-2.59888e-119
16.64,-1.86448e-119
16.65,-1.33734e-119
16.66,-9.59046e-120
16.67,-6.87622e-120
16.68,-4.92916e-120
16.69,-3.53272e-120
16.7,-2.53139e-120
16.71,-1.81351e-120
16.72,-1.29896e-120
16.73,-9.30216e-121
16.74,-6.66017e-121
16.75,-4.76759e-121
16.76,-3.41214e-121
16.77,-2.44155e-121
16.78,-1.7467e-121
16.79,-1.24935e-121
16.8,-8.93439e-122
16.81,-6.38788e-122
16.82,-4.56627e-122
16.83,-3.26347e-122
16.84,-2.33191e-122
16.85,-1.66592e-122
16.86,-1.1899e-122
16.87,-8.49732e-123
16.88,-6.06687e-123
16.89,-4.33073e-123
16.9,-3.09079e-123
16.91,-2.20542e-123
16.92,-1.57335e-123
16.93,-1.12221e-123
16.94,-8.00268e-124
16.95,-5.7057e-124
16.96,-4.06721e-124
16.97,-2.89865e-124
16.98,-2.06542e-124
16.99,-1.47141e-124
17,-1.04803e-124
17.01,-7.46321e-125
17.02,-5.31362e-125
17.03,-3.78241e-125
17.04,-2.6919e-125
17.05,-1.91541e-125
17.06,-1.36264e-125
17.07,-9.69191e-126
17.08,-6.89211e-126
17.09,-4.90013e-126
17.1,-3.48319e-126
17.11,-2.47547e-126
17.12,-1.75895e-126
17.13,-1.24957e-126
17.14,-8.87527e-127
17.15,-6.30254e-127
17.16,-4.47468e-127
17.17,-3.1763e-127
17.18,-2.25421e-127
17.19,-1.59949e-127
17.2,-1.13469e-127
17.21,-8.04805e-128
17.22,-5.7071e-128
17.23,-4.04625e-128
17.24,-2.86816e-128
17.25,-2.03267e-128
17.26,-1.44027e-128
17.27,-1.02031e-128
17.28,-7.22664e-129
17.29,-5.11743e-129
17.3,-3.6231e-129
17.31,-2.56462e-129
17.32,-1.815e-129
17.33,-1.28424e-129
17.34,-9.085e-130
17.35,-6.42568e-130
17.36,-4.54387e-130
17.37,-3.21251e-130
17.38,-2.27079e-130
17.39,-1.60481e-130
17.4,-1.13392e-130
17.41,-8.01039e-131
17.42,-5.65768e-131
17.43,-3.99517e-131
17.44,-2.82063e-131
17.45,-1.99099e-131
17.46,-1.4051e-131
17.47,-9.91417e-132
17.48,-6.99389e-132
17.49,-4.93281e-132
17.5,-3.47843e-132
17.51,-2.45236e-132
17.52,-1.72862e-132
17.53,-1.21822e-132
17.54,-8.58356e-133
17.55,-6.04674e-133
17.56,-4.2588e-133
17.57,-2.99894e-133
17.58,-2.11135e-133
17.59,-1.48616e-133
17.6,-1.04589e-133
17.61,-7.35894e-134
17.62,-5.17679e-134
17.63,-3.64098e-134
17.64,-2.56029e-134
17.65,-1.8e-134
17.66,-1.26523e-134
17.67,-8.89156e-135
17.68,-6.24742e-135
17.69,-4.38871e-135
17.7,-3.08237e-135
17.71,-2.16445e-135
17.72,-1.51957e-135
17.73,-1.06662e-135
17.74,-7.48531e-136
17.75,-5.25198e-136
17.76,-3.68426e-136
17.77,-2.58398e-136
17.78,-1.81193e-136
17.79,-1.2703e-136
17.8,-8.90402e-137
17.81,-6.23991e-137
17.82,-4.37203e-137
17.83,-3.06267e-137
17.84,-2.14502e-137
17.85,-1.50202e-137
17.86,-1.05155e-137
17.87,-7.36039e-138
17.88,-5.15091e-138
17.89,-3.60396e-138
17.9,-2.52109e-138
17.91,-1.76323e-138
17.92,-1.23295e-138
17.93,-8.6197e-139
17.94,-6.02494e-139
17.95,-4.21043e-139
17.96,-2.9418e-139
17.97,-2.05501e-139
17.98,-1.43524e-139
17.99,-1.00219e-139
18,-6.99665e-140
18.01,-4.88362e-140
18.02,-3.40806e-140
18.03,-2.37785e-140
18.04,-1.65873e-140
18.05,-1.15686e-140
18.06,-8.0667e-141
18.07,-5.62375e-141
18.08,-3.91984e-141
18.09,-2.73165e-141
18.1,-1.90324e-141
18.11,-1.32579e-141
18.12,-9.23358e-142
18.13,-6.42951e-142
18.14,-4.47609e-142
18.15,-3.11554e-142
18.16,-2.1681e-142
18.17,-1.50848e-142
18.18,-1.04933e-142
18.19,-7.29791e-143
18.2,-5.07455e-143
18.21,-3.52784e-143
18.22,-2.45208e-143
18.23,-1.70401e-143
18.24,-1.18392e-143
18.25,-8.22407e-144
18.26,-5.71168e-144
18.27,-3.96601e-144
18.28,-2.75332e-144
18.29,-1.91105e-144
18.3,-1.32618e-144
18.31,-9.20119e-145
18.32,-6.38262e-145
18.33,-4.42657e-145
18.34,-3.06936e-145
18.35,-2.12786e-145
18.36,-1.47486e-145
18.37,-1.02204e-145
18.38,-7.08113e-146
18.39,-4.90511e-146
18.4,-3.3971e-146
18.41,-2.35223e-146
18.42,-1.62842e-146
18.43,-1.1271e-146
18.44,-7.79964e-147
18.45,-5.39634e-147
18.46,-3.73281e-147
18.47,-2.58159e-147
18.48,-1.78505e-147
18.49,-1.23403e-147
18.5,-8.52934e-148
18.51,-5.8941e-148
18.52,-4.07224e-148
18.53,-2.81295e-148
18.54,-1.94269e-148
18.55,-1.3414e-148
18.56,-9.26028e-149
18.57,-6.39153e-149
18.58,-4.4106e-149
18.59,-3.04302e-149
18.6,-2.09906e-149
18.61,-1.44763e-149
18.62,-9.98164e-150
18.63,-6.88114e-150
18.64,-4.74277e-150
18.65,-3.26826e-150
18.66,-2.25172e-150
18.67,-1.55105e-150
18.68,-1.06819e-150
18.69,-7.35503e-151
18.7,-5.06331e-151
18.71,-3.48495e-151
18.72,-2.39813e-151
18.73,-1.64991e-151
18.74,-1.13491e-151
18.75,-7.80508e-152
18.76,-5.36667e-152
18.77,-3.68932e-152
18.78,-2.53571e-152
18.79,-1.74247e-152
18.8,-1.19714e-152
18.81,-8.22316e-153
18.82,-5.64735e-153
18.83,-3.87761e-153
18.84,-2.66192e-153
18.85,-1.82701e-153
18.86,-1.25371e-153
18.87,-8.6014e-154
18.88,-5.90001e-154
18.89,-4.04622e-154
18.9,-2.77434e-154
18.91,-1.90188e-154
18.92,-1.30352e-154
18.93,-8.9324e-155
18.94,-6.1197e-155
18.95,-4.19184e-155
18.96,-2.87073e-155
18.97,-1.9656e-155
18.98,-1.34558e-155
18.99,-9.20949e-156
19,-6.30196e-156
19.01,-4.3115e-156
19.02,-2.94914e-156
19.03,-2.01685e-156
19.04,-1.37901e-156
19.05,-9.42696e-157
19.06,-6.44303e-157
19.07,-4.40272e-157
19.08,-3.00792e-157
19.09,-2.05458e-157
19.1,-1.40312e-157
19.11,-9.58025e-158
19.12,-6.53993e-158
19.13,-4.46357e-158
19.14,-3.04583e-158
19.15,-2.07798e-158
19.16,-1.41739e-158
19.17,-9.66609e-159
19.18,-6.5906e-159
19.19,-4.49276e-159
19.2,-3.06206e-159
19.21,-2.08654e-159
19.22,-1.42152e-159
19.23,-9.68263e-160
19.24,-6.59396e-160
19.25,-4.48964e-160
19.26,-3.05626e-160
19.27,-2.08009e-160
19.28,-1.41543e-160
19.29,-9.62953e-161
19.3,-6.54992e-161
19.31,-4.4543e-161
19.32,-3.02856e-161
19.33,-2.05876e-161
19.34,-1.39923e-161
19.35,-9.50792e-162
19.36,-6.45943e-162
19.37,-4.38749e-162
19.38,-2.97955e-162
19.39,-2.02302e-162
19.4,-1.37328e-162
19.41,-9.3204e-163
19.42,-6.32444e-163
19.43,-4.29064e-163
19.44,-2.91028e-163
19.45,-1.97361e-163
19.46,-1.33814e-163
19.47,-9.07095e-164
19.48,-6.14778e-164
19.49,-4.16578e-164
19.5,-2.8222e-164
19.51,-1.91158e-164
19.52,-1.29452e-164
19.53,-8.76476e-165
19.54,-5.93313e-165
19.55,-4.0155e-165
19.56,-2.71712e-165
19.57,-1.8382e-165
19.58,-1.24333e-165
19.59,-8.40807e-166
19.6,-5.68484e-166
19.61,-3.84284e-166
19.62,-2.59717e-166
19.63,-1.75493e-166
19.64,-1.18559e-166
19.65,-8.00795e-167
19.66,-5.40781e-167
19.67,-3.65119e-167
19.68,-2.46468e-167
19.69,-1.66341e-167
19.7,-1.12241e-167
19.71,-7.57209e-168
19.72,-5.10733e-168
19.73,-3.44417e-168
19.74,-2.32214e-168
19.75,-1.56533e-168
19.76,-1.05496e-168
19.77,-7.10852e-169
19.78,-4.78889e-169
19.79,-3.22555e-169
19.8,-2.17213e-169
19.81,-1.46245e-169
19.82,-9.84442e-170
19.83,-6.62539e-170
19.84,-4.45806e-170
19.85,-2.99911e-170
19.86,-2.01722e-170
19.87,-1.35652e-170
19.88,-9.12039e-171
19.89,-6.13074e-171
19.9,-4.12027e-171
19.91,-2.76854e-171
19.92,-1.8599e-171
19.93,-1.24923e-171
19.94,-8.38891e-172
19.95,-5.63227e-172
19.96,-3.78072e-172
19.97,-2.53734e-172
19.98,-1.70253e-172
19.99,-1.14215e-172
20,-7.66068e-173